ISO-10303-21;
HEADER;
/* Generated by software containing ST-Developer
 * from STEP Tools, Inc. (www.steptools.com) 
 */
/* OPTION: using custom renumber hook */

FILE_DESCRIPTION(
/* description */ ('STEP AP242 Edition 2',
'CAx-IF Rec.Pracs.---Representation and Presentation of Product Manufa
cturing Information (PMI)---4.0---2014-10-13',
'CAx-IF Rec.Pracs.---3D Tessellated Geometry---0.4---2014-09-14','2;1',
'CAx-IF Rec.Pracs.---User Defined Attributes---1.5---2016-08-15'),
/* implementation_level */ '2;1');

FILE_NAME(
/* name */ 'Nose Piece - Part 1',
/* time_stamp */ '2026-01-09T03:11:47Z',
/* author */ (''),
/* organization */ (''),
/* preprocessor_version */ 'ST-DEVELOPER v20',
/* originating_system */ 'ONSHAPE BY PTC INC, 1.208',
/* authorisation */ '  ');

FILE_SCHEMA (('AP242_MANAGED_MODEL_BASED_3D_ENGINEERING_MIM_LF { 1 0 10303 442 3 1 4 }'));
ENDSEC;

DATA;
#10=SHAPE_REPRESENTATION_RELATIONSHIP('','',#355,#11);
#11=ADVANCED_BREP_SHAPE_REPRESENTATION('',(#353),#2328);
#12=CYLINDRICAL_SURFACE('',#369,0.0013);
#13=CYLINDRICAL_SURFACE('',#370,0.0013);
#14=CYLINDRICAL_SURFACE('',#371,0.0013);
#15=CYLINDRICAL_SURFACE('',#372,0.0013);
#16=CIRCLE('',#360,0.0013);
#17=CIRCLE('',#361,0.0013);
#18=CIRCLE('',#362,0.0013);
#19=CIRCLE('',#363,0.0013);
#20=CIRCLE('',#365,0.0013);
#21=CIRCLE('',#366,0.0013);
#22=CIRCLE('',#367,0.0013);
#23=CIRCLE('',#368,0.0013);
#24=PLANE('',#357);
#25=PLANE('',#358);
#26=PLANE('',#359);
#27=PLANE('',#364);
#28=LINE('',#1155,#34);
#29=LINE('',#1167,#35);
#30=LINE('',#1216,#36);
#31=LINE('',#1218,#37);
#32=LINE('',#1355,#38);
#33=LINE('',#1404,#39);
#34=VECTOR('',#375,1.);
#35=VECTOR('',#376,1.);
#36=VECTOR('',#377,1.);
#37=VECTOR('',#378,1.);
#38=VECTOR('',#379,1.);
#39=VECTOR('',#380,1.);
#40=ORIENTED_EDGE('',*,*,#132,.F.);
#41=ORIENTED_EDGE('',*,*,#133,.F.);
#42=ORIENTED_EDGE('',*,*,#134,.F.);
#43=ORIENTED_EDGE('',*,*,#135,.T.);
#44=ORIENTED_EDGE('',*,*,#136,.F.);
#45=ORIENTED_EDGE('',*,*,#137,.F.);
#46=ORIENTED_EDGE('',*,*,#138,.F.);
#47=ORIENTED_EDGE('',*,*,#133,.T.);
#48=ORIENTED_EDGE('',*,*,#139,.F.);
#49=ORIENTED_EDGE('',*,*,#140,.F.);
#50=ORIENTED_EDGE('',*,*,#141,.F.);
#51=ORIENTED_EDGE('',*,*,#137,.T.);
#52=ORIENTED_EDGE('',*,*,#142,.F.);
#53=ORIENTED_EDGE('',*,*,#135,.F.);
#54=ORIENTED_EDGE('',*,*,#143,.F.);
#55=ORIENTED_EDGE('',*,*,#140,.T.);
#56=ORIENTED_EDGE('',*,*,#144,.T.);
#57=ORIENTED_EDGE('',*,*,#145,.T.);
#58=ORIENTED_EDGE('',*,*,#146,.F.);
#59=ORIENTED_EDGE('',*,*,#147,.F.);
#60=ORIENTED_EDGE('',*,*,#148,.F.);
#61=ORIENTED_EDGE('',*,*,#148,.T.);
#62=ORIENTED_EDGE('',*,*,#149,.F.);
#63=ORIENTED_EDGE('',*,*,#150,.F.);
#64=ORIENTED_EDGE('',*,*,#151,.T.);
#65=ORIENTED_EDGE('',*,*,#152,.T.);
#66=ORIENTED_EDGE('',*,*,#150,.T.);
#67=ORIENTED_EDGE('',*,*,#153,.F.);
#68=ORIENTED_EDGE('',*,*,#154,.F.);
#69=ORIENTED_EDGE('',*,*,#155,.F.);
#70=ORIENTED_EDGE('',*,*,#155,.T.);
#71=ORIENTED_EDGE('',*,*,#156,.F.);
#72=ORIENTED_EDGE('',*,*,#145,.F.);
#73=ORIENTED_EDGE('',*,*,#157,.T.);
#74=ORIENTED_EDGE('',*,*,#158,.F.);
#75=ORIENTED_EDGE('',*,*,#159,.F.);
#76=ORIENTED_EDGE('',*,*,#160,.F.);
#77=ORIENTED_EDGE('',*,*,#161,.F.);
#78=ORIENTED_EDGE('',*,*,#156,.T.);
#79=ORIENTED_EDGE('',*,*,#154,.T.);
#80=ORIENTED_EDGE('',*,*,#153,.T.);
#81=ORIENTED_EDGE('',*,*,#149,.T.);
#82=ORIENTED_EDGE('',*,*,#147,.T.);
#83=ORIENTED_EDGE('',*,*,#146,.T.);
#84=ORIENTED_EDGE('',*,*,#138,.T.);
#85=ORIENTED_EDGE('',*,*,#141,.T.);
#86=ORIENTED_EDGE('',*,*,#143,.T.);
#87=ORIENTED_EDGE('',*,*,#134,.T.);
#88=ORIENTED_EDGE('',*,*,#151,.F.);
#89=ORIENTED_EDGE('',*,*,#152,.F.);
#90=ORIENTED_EDGE('',*,*,#157,.F.);
#91=ORIENTED_EDGE('',*,*,#144,.F.);
#92=ORIENTED_EDGE('',*,*,#162,.F.);
#93=ORIENTED_EDGE('',*,*,#163,.T.);
#94=ORIENTED_EDGE('',*,*,#164,.T.);
#95=ORIENTED_EDGE('',*,*,#159,.T.);
#96=ORIENTED_EDGE('',*,*,#164,.F.);
#97=ORIENTED_EDGE('',*,*,#165,.T.);
#98=ORIENTED_EDGE('',*,*,#166,.T.);
#99=ORIENTED_EDGE('',*,*,#160,.T.);
#100=ORIENTED_EDGE('',*,*,#166,.F.);
#101=ORIENTED_EDGE('',*,*,#167,.T.);
#102=ORIENTED_EDGE('',*,*,#168,.T.);
#103=ORIENTED_EDGE('',*,*,#161,.T.);
#104=ORIENTED_EDGE('',*,*,#168,.F.);
#105=ORIENTED_EDGE('',*,*,#169,.T.);
#106=ORIENTED_EDGE('',*,*,#162,.T.);
#107=ORIENTED_EDGE('',*,*,#158,.T.);
#108=ORIENTED_EDGE('',*,*,#170,.F.);
#109=ORIENTED_EDGE('',*,*,#171,.F.);
#110=ORIENTED_EDGE('',*,*,#172,.F.);
#111=ORIENTED_EDGE('',*,*,#173,.F.);
#112=ORIENTED_EDGE('',*,*,#136,.T.);
#113=ORIENTED_EDGE('',*,*,#132,.T.);
#114=ORIENTED_EDGE('',*,*,#142,.T.);
#115=ORIENTED_EDGE('',*,*,#139,.T.);
#116=ORIENTED_EDGE('',*,*,#174,.T.);
#117=ORIENTED_EDGE('',*,*,#175,.T.);
#118=ORIENTED_EDGE('',*,*,#176,.T.);
#119=ORIENTED_EDGE('',*,*,#177,.T.);
#120=ORIENTED_EDGE('',*,*,#169,.F.);
#121=ORIENTED_EDGE('',*,*,#167,.F.);
#122=ORIENTED_EDGE('',*,*,#165,.F.);
#123=ORIENTED_EDGE('',*,*,#163,.F.);
#124=ORIENTED_EDGE('',*,*,#177,.F.);
#125=ORIENTED_EDGE('',*,*,#173,.T.);
#126=ORIENTED_EDGE('',*,*,#176,.F.);
#127=ORIENTED_EDGE('',*,*,#172,.T.);
#128=ORIENTED_EDGE('',*,*,#175,.F.);
#129=ORIENTED_EDGE('',*,*,#171,.T.);
#130=ORIENTED_EDGE('',*,*,#174,.F.);
#131=ORIENTED_EDGE('',*,*,#170,.T.);
#132=EDGE_CURVE('',#178,#179,#212,.T.);
#133=EDGE_CURVE('',#180,#178,#213,.T.);
#134=EDGE_CURVE('',#181,#180,#214,.T.);
#135=EDGE_CURVE('',#181,#179,#215,.T.);
#136=EDGE_CURVE('',#182,#178,#216,.T.);
#137=EDGE_CURVE('',#183,#182,#217,.T.);
#138=EDGE_CURVE('',#180,#183,#218,.T.);
#139=EDGE_CURVE('',#184,#182,#219,.T.);
#140=EDGE_CURVE('',#185,#184,#220,.T.);
#141=EDGE_CURVE('',#183,#185,#221,.T.);
#142=EDGE_CURVE('',#179,#184,#222,.T.);
#143=EDGE_CURVE('',#185,#181,#223,.T.);
#144=EDGE_CURVE('',#186,#187,#224,.T.);
#145=EDGE_CURVE('',#187,#188,#28,.T.);
#146=EDGE_CURVE('',#189,#188,#225,.T.);
#147=EDGE_CURVE('',#190,#189,#226,.T.);
#148=EDGE_CURVE('',#186,#190,#29,.T.);
#149=EDGE_CURVE('',#191,#190,#30,.T.);
#150=EDGE_CURVE('',#192,#191,#31,.T.);
#151=EDGE_CURVE('',#192,#186,#227,.T.);
#152=EDGE_CURVE('',#193,#192,#228,.T.);
#153=EDGE_CURVE('',#194,#191,#229,.T.);
#154=EDGE_CURVE('',#195,#194,#230,.T.);
#155=EDGE_CURVE('',#193,#195,#32,.T.);
#156=EDGE_CURVE('',#188,#195,#33,.F.);
#157=EDGE_CURVE('',#187,#193,#231,.T.);
#158=EDGE_CURVE('',#196,#197,#232,.T.);
#159=EDGE_CURVE('',#198,#196,#233,.T.);
#160=EDGE_CURVE('',#199,#198,#234,.T.);
#161=EDGE_CURVE('',#197,#199,#235,.T.);
#162=EDGE_CURVE('',#200,#196,#236,.T.);
#163=EDGE_CURVE('',#200,#201,#237,.T.);
#164=EDGE_CURVE('',#201,#198,#238,.T.);
#165=EDGE_CURVE('',#201,#202,#239,.T.);
#166=EDGE_CURVE('',#202,#199,#240,.T.);
#167=EDGE_CURVE('',#202,#203,#241,.T.);
#168=EDGE_CURVE('',#203,#197,#242,.T.);
#169=EDGE_CURVE('',#203,#200,#243,.T.);
#170=EDGE_CURVE('',#204,#204,#16,.F.);
#171=EDGE_CURVE('',#205,#205,#17,.F.);
#172=EDGE_CURVE('',#206,#206,#18,.F.);
#173=EDGE_CURVE('',#207,#207,#19,.F.);
#174=EDGE_CURVE('',#208,#208,#20,.T.);
#175=EDGE_CURVE('',#209,#209,#21,.T.);
#176=EDGE_CURVE('',#210,#210,#22,.T.);
#177=EDGE_CURVE('',#211,#211,#23,.T.);
#178=VERTEX_POINT('',#495);
#179=VERTEX_POINT('',#496);
#180=VERTEX_POINT('',#501);
#181=VERTEX_POINT('',#511);
#182=VERTEX_POINT('',#664);
#183=VERTEX_POINT('',#669);
#184=VERTEX_POINT('',#761);
#185=VERTEX_POINT('',#766);
#186=VERTEX_POINT('',#1153);
#187=VERTEX_POINT('',#1154);
#188=VERTEX_POINT('',#1156);
#189=VERTEX_POINT('',#1161);
#190=VERTEX_POINT('',#1166);
#191=VERTEX_POINT('',#1217);
#192=VERTEX_POINT('',#1219);
#193=VERTEX_POINT('',#1344);
#194=VERTEX_POINT('',#1349);
#195=VERTEX_POINT('',#1354);
#196=VERTEX_POINT('',#1417);
#197=VERTEX_POINT('',#1418);
#198=VERTEX_POINT('',#1437);
#199=VERTEX_POINT('',#1442);
#200=VERTEX_POINT('',#1725);
#201=VERTEX_POINT('',#1744);
#202=VERTEX_POINT('',#1937);
#203=VERTEX_POINT('',#2103);
#204=VERTEX_POINT('',#2307);
#205=VERTEX_POINT('',#2309);
#206=VERTEX_POINT('',#2311);
#207=VERTEX_POINT('',#2313);
#208=VERTEX_POINT('',#2316);
#209=VERTEX_POINT('',#2318);
#210=VERTEX_POINT('',#2320);
#211=VERTEX_POINT('',#2322);
#212=B_SPLINE_CURVE_WITH_KNOTS('',3,(#486,#487,#488,#489,#490,#491,#492,
#493,#494),.UNSPECIFIED.,.F.,.F.,(4,1,1,1,1,1,4),(0.000382745946495288,
0.00179260308042738,0.00320246021435947,0.00461231734829156,0.00602217448222364,
0.00884188875008782,0.011661603017952),.UNSPECIFIED.);
#213=B_SPLINE_CURVE_WITH_KNOTS('',3,(#497,#498,#499,#500),.UNSPECIFIED.,
 .F.,.F.,(4,4),(0.00224551826693842,0.505218938589582),.UNSPECIFIED.);
#214=B_SPLINE_CURVE_WITH_KNOTS('',3,(#502,#503,#504,#505,#506,#507,#508,
#509,#510),.UNSPECIFIED.,.F.,.F.,(4,1,1,1,1,1,4),(0.,0.00577285362908526,
0.0115457072581705,0.0144321340727132,0.0173185608872558,0.0202049877017984,
0.0230914145163411),.UNSPECIFIED.);
#215=B_SPLINE_CURVE_WITH_KNOTS('',3,(#512,#513,#514,#515),.UNSPECIFIED.,
 .F.,.F.,(4,4),(0.00250850060712981,0.511005528432108),.UNSPECIFIED.);
#216=B_SPLINE_CURVE_WITH_KNOTS('',3,(#648,#649,#650,#651,#652,#653,#654,
#655,#656,#657,#658,#659,#660,#661,#662,#663),.UNSPECIFIED.,.F.,.F.,(4,
1,1,1,1,1,1,1,1,1,1,1,1,4),(0.00016224699487526,0.00267662395517919,0.00519100091548312,
0.010219754836091,0.0152485087566988,0.0202772626773067,0.0227916396376106,
0.0253060165979146,0.0278203935582185,0.0303347705185224,0.0328491474788264,
0.0353635244391303,0.0378779013994342,0.0403922783597382),.UNSPECIFIED.);
#217=B_SPLINE_CURVE_WITH_KNOTS('',3,(#665,#666,#667,#668),.UNSPECIFIED.,
 .F.,.F.,(4,4),(0.00234982697382089,0.528383850228257),.UNSPECIFIED.);
#218=B_SPLINE_CURVE_WITH_KNOTS('',3,(#670,#671,#672,#673,#674,#675,#676,
#677,#678,#679,#680),.UNSPECIFIED.,.F.,.F.,(4,1,1,1,1,1,1,1,4),(0.,0.00445476056128821,
0.00890952112257641,0.0133642816838646,0.0178190422451528,0.022273802806441,
0.0267285633677292,0.0311833239290174,0.0356380844903057),.UNSPECIFIED.);
#219=B_SPLINE_CURVE_WITH_KNOTS('',3,(#753,#754,#755,#756,#757,#758,#759,
#760),.UNSPECIFIED.,.F.,.F.,(4,1,1,1,1,4),(0.000410795985863709,0.00324702077472446,
0.0060832455635852,0.00891947035244595,0.0103375827468763,0.0117556951413067),
 .UNSPECIFIED.);
#220=B_SPLINE_CURVE_WITH_KNOTS('',3,(#762,#763,#764,#765),.UNSPECIFIED.,
 .F.,.F.,(4,4),(0.0025078521826525,0.510867944014227),.UNSPECIFIED.);
#221=B_SPLINE_CURVE_WITH_KNOTS('',3,(#767,#768,#769,#770,#771,#772,#773,
#774,#775),.UNSPECIFIED.,.F.,.F.,(4,1,1,1,1,1,4),(0.,0.00287418356790357,
0.00574836713580714,0.00862255070371071,0.0114967342716143,0.0172451014074214,
0.0229934685432285),.UNSPECIFIED.);
#222=B_SPLINE_CURVE_WITH_KNOTS('',3,(#931,#932,#933,#934,#935,#936,#937,
#938,#939,#940,#941,#942,#943,#944,#945,#946,#947,#948,#949,#950),
 .UNSPECIFIED.,.F.,.F.,(4,1,1,1,1,1,1,1,1,1,1,1,1,1,1,1,1,4),(0.000379524158956567,
0.00704944568044867,0.0103844064411947,0.0137193672019408,0.0170543279626868,
0.0203892887234329,0.0237242494841789,0.025391729864552,0.027059210244925,
0.028726690625298,0.030394171005671,0.0320616513860441,0.0337291317664171,
0.0370640925271631,0.0403990532879092,0.0437340140486552,0.0470689748094013,
0.0537388963308934),.UNSPECIFIED.);
#223=B_SPLINE_CURVE_WITH_KNOTS('',3,(#951,#952,#953,#954,#955,#956,#957,
#958,#959,#960,#961,#962,#963,#964,#965),.UNSPECIFIED.,.F.,.F.,(4,1,1,1,
1,1,1,1,1,1,1,1,4),(0.,0.00542603457840638,0.0108520691568128,0.013565086446016,
0.0162781037352191,0.0189911210244223,0.0217041383136255,0.0244171556028287,
0.0271301728920319,0.0298431901812351,0.0325562074704383,0.0379822420488447,
0.043408276627251),.UNSPECIFIED.);
#224=B_SPLINE_CURVE_WITH_KNOTS('',3,(#1146,#1147,#1148,#1149,#1150,#1151,
#1152),.UNSPECIFIED.,.T.,.F.,(1,3,1,1,1,3,1),(-0.279718548655984,0.,0.220281451344016,
0.440562902688032,0.720281451344016,1.,1.22028145134402),.UNSPECIFIED.);
#225=B_SPLINE_CURVE_WITH_KNOTS('',3,(#1157,#1158,#1159,#1160),
 .UNSPECIFIED.,.F.,.F.,(4,4),(0.5,0.744923517814423),
 .PIECEWISE_BEZIER_KNOTS.);
#226=B_SPLINE_CURVE_WITH_KNOTS('',3,(#1162,#1163,#1164,#1165),
 .UNSPECIFIED.,.F.,.F.,(4,4),(0.255076482293449,0.5),
 .PIECEWISE_BEZIER_KNOTS.);
#227=B_SPLINE_CURVE_WITH_KNOTS('',3,(#1220,#1221,#1222,#1223,#1224,#1225,
#1226),.UNSPECIFIED.,.T.,.F.,(1,3,1,1,1,3,1),(-0.279718548655984,0.,0.220281451344016,
0.440562902688032,0.720281451344016,1.,1.22028145134402),.UNSPECIFIED.);
#228=B_SPLINE_CURVE_WITH_KNOTS('',3,(#1337,#1338,#1339,#1340,#1341,#1342,
#1343),.UNSPECIFIED.,.T.,.F.,(1,3,1,1,1,3,1),(-0.279718548655984,0.,0.220281451344016,
0.440562902688032,0.720281451344016,1.,1.22028145134402),.UNSPECIFIED.);
#229=B_SPLINE_CURVE_WITH_KNOTS('',3,(#1345,#1346,#1347,#1348),
 .UNSPECIFIED.,.F.,.F.,(4,4),(0.,0.236130839104725),
 .PIECEWISE_BEZIER_KNOTS.);
#230=B_SPLINE_CURVE_WITH_KNOTS('',3,(#1350,#1351,#1352,#1353),
 .UNSPECIFIED.,.F.,.F.,(4,4),(0.763869160895276,1.),
 .PIECEWISE_BEZIER_KNOTS.);
#231=B_SPLINE_CURVE_WITH_KNOTS('',3,(#1405,#1406,#1407,#1408,#1409,#1410,
#1411),.UNSPECIFIED.,.T.,.F.,(1,3,1,1,1,3,1),(-0.279718548655984,0.,0.220281451344016,
0.440562902688032,0.720281451344016,1.,1.22028145134402),.UNSPECIFIED.);
#232=B_SPLINE_CURVE_WITH_KNOTS('',3,(#1413,#1414,#1415,#1416),
 .UNSPECIFIED.,.F.,.F.,(4,4),(0.,0.00199060722571092),.UNSPECIFIED.);
#233=B_SPLINE_CURVE_WITH_KNOTS('',3,(#1419,#1420,#1421,#1422,#1423,#1424,
#1425,#1426,#1427,#1428,#1429,#1430,#1431,#1432,#1433,#1434,#1435,#1436),
 .UNSPECIFIED.,.F.,.F.,(4,1,1,1,1,1,1,1,1,1,1,1,1,1,1,4),(0.175420792383745,
0.178683417800395,0.181946043217044,0.185208668633694,0.188471294050343,
0.191733919466993,0.194996544883642,0.198259170300292,0.201521795716941,
0.204784421133591,0.20804704655024,0.21130967196689,0.214572297383539,0.221097548216838,
0.224360173633488,0.227622799050137),.UNSPECIFIED.);
#234=B_SPLINE_CURVE_WITH_KNOTS('',3,(#1438,#1439,#1440,#1441),
 .UNSPECIFIED.,.F.,.F.,(4,4),(0.,0.00199060413045891),.UNSPECIFIED.);
#235=B_SPLINE_CURVE_WITH_KNOTS('',3,(#1443,#1444,#1445,#1446,#1447,#1448,
#1449,#1450,#1451,#1452,#1453,#1454,#1455,#1456),.UNSPECIFIED.,.F.,.F.,
(4,1,1,1,1,1,1,1,1,1,1,4),(0.0765664666152769,0.0821309279477575,0.0876953892802381,
0.0932598506127187,0.0988243119451993,0.10160654261144,0.10438877327768,
0.10717100394392,0.109953234610161,0.115517695942641,0.118299926608882,
0.121082157275122),.UNSPECIFIED.);
#236=B_SPLINE_CURVE_WITH_KNOTS('',3,(#1717,#1718,#1719,#1720,#1721,#1722,
#1723,#1724),.UNSPECIFIED.,.F.,.F.,(4,1,1,1,1,4),(0.559799684044751,0.779571556542474,
0.834514524666905,0.889457492791336,0.944400460915767,0.999343429040198),
 .UNSPECIFIED.);
#237=B_SPLINE_CURVE_WITH_KNOTS('',3,(#1726,#1727,#1728,#1729,#1730,#1731,
#1732,#1733,#1734,#1735,#1736,#1737,#1738,#1739,#1740,#1741,#1742,#1743),
 .UNSPECIFIED.,.F.,.F.,(4,1,1,1,1,1,1,1,1,1,1,1,1,1,1,4),(0.000370178759047002,
0.0070752451292272,0.0104277783143173,0.0137803114994074,0.0171328446844975,
0.0204853778695876,0.0238379110546777,0.0255141776472228,0.0271904442397678,
0.0288667108323128,0.0305429774248579,0.033895510609948,0.0372480437950381,
0.0406005769801282,0.0473056433503084,0.0540107097204886),.UNSPECIFIED.);
#238=B_SPLINE_CURVE_WITH_KNOTS('',3,(#1745,#1746,#1747,#1748,#1749,#1750,
#1751,#1752),.UNSPECIFIED.,.F.,.F.,(4,1,1,1,1,4),(0.559796002714768,0.779568146190801,
0.834511182059809,0.889454217928817,0.944397253797825,0.999340289666833),
 .UNSPECIFIED.);
#239=B_SPLINE_CURVE_WITH_KNOTS('',3,(#1929,#1930,#1931,#1932,#1933,#1934,
#1935,#1936),.UNSPECIFIED.,.F.,.F.,(4,1,1,1,1,4),(0.00036998819510035,0.00574068700473671,
0.00708336170714579,0.00842603640955488,0.00976871111196397,0.0111113858143731),
 .UNSPECIFIED.);
#240=B_SPLINE_CURVE_WITH_KNOTS('',3,(#1938,#1939,#1940,#1941,#1942,#1943,
#1944,#1945,#1946,#1947,#1948,#1949,#1950,#1951,#1952),.UNSPECIFIED.,.F.,
 .F.,(4,1,1,1,1,1,1,1,1,1,1,1,4),(0.534186377910033,0.592344316402208,0.650502254894384,
0.708660193386559,0.766818131878735,0.795897101124822,0.82497607037091,
0.854055039616998,0.883134008863085,0.912212978109173,0.941291947355261,
0.970370916601348,0.999449885847436),.UNSPECIFIED.);
#241=B_SPLINE_CURVE_WITH_KNOTS('',3,(#2085,#2086,#2087,#2088,#2089,#2090,
#2091,#2092,#2093,#2094,#2095,#2096,#2097,#2098,#2099,#2100,#2101,#2102),
 .UNSPECIFIED.,.F.,.F.,(4,1,1,1,1,1,1,1,1,1,1,1,1,1,1,4),(0.000156048906793412,
0.0026890907352204,0.00522213256364739,0.00775517439207438,0.0102882162205014,
0.0128212580489284,0.0153542998773553,0.0204203835342093,0.0229534253626363,
0.0254864671910633,0.0280195090194903,0.0305525508479173,0.0330855926763443,
0.0356186345047713,0.0381516763331983,0.0406847181616252),.UNSPECIFIED.);
#242=B_SPLINE_CURVE_WITH_KNOTS('',3,(#2104,#2105,#2106,#2107,#2108,#2109,
#2110,#2111),.UNSPECIFIED.,.F.,.F.,(4,1,1,1,1,4),(0.559795490954077,0.779781709943501,
0.834778264690858,0.889774819438214,0.94477137418557,0.999767928932926),
 .UNSPECIFIED.);
#243=B_SPLINE_CURVE_WITH_KNOTS('',3,(#2296,#2297,#2298,#2299,#2300,#2301,
#2302,#2303,#2304),.UNSPECIFIED.,.F.,.F.,(4,1,1,1,1,1,4),(0.000337113138623663,
0.00166975442113354,0.00300239570364343,0.00433503698615331,0.00566767826866319,
0.00833296083368296,0.0109982433987027),.UNSPECIFIED.);
#244=EDGE_LOOP('',(#40,#41,#42,#43));
#245=EDGE_LOOP('',(#44,#45,#46,#47));
#246=EDGE_LOOP('',(#48,#49,#50,#51));
#247=EDGE_LOOP('',(#52,#53,#54,#55));
#248=EDGE_LOOP('',(#56,#57,#58,#59,#60));
#249=EDGE_LOOP('',(#61,#62,#63,#64));
#250=EDGE_LOOP('',(#65,#66,#67,#68,#69));
#251=EDGE_LOOP('',(#70,#71,#72,#73));
#252=EDGE_LOOP('',(#74,#75,#76,#77));
#253=EDGE_LOOP('',(#78,#79,#80,#81,#82,#83));
#254=EDGE_LOOP('',(#84,#85,#86,#87));
#255=EDGE_LOOP('',(#88,#89,#90,#91));
#256=EDGE_LOOP('',(#92,#93,#94,#95));
#257=EDGE_LOOP('',(#96,#97,#98,#99));
#258=EDGE_LOOP('',(#100,#101,#102,#103));
#259=EDGE_LOOP('',(#104,#105,#106,#107));
#260=EDGE_LOOP('',(#108));
#261=EDGE_LOOP('',(#109));
#262=EDGE_LOOP('',(#110));
#263=EDGE_LOOP('',(#111));
#264=EDGE_LOOP('',(#112,#113,#114,#115));
#265=EDGE_LOOP('',(#116));
#266=EDGE_LOOP('',(#117));
#267=EDGE_LOOP('',(#118));
#268=EDGE_LOOP('',(#119));
#269=EDGE_LOOP('',(#120,#121,#122,#123));
#270=EDGE_LOOP('',(#124));
#271=EDGE_LOOP('',(#125));
#272=EDGE_LOOP('',(#126));
#273=EDGE_LOOP('',(#127));
#274=EDGE_LOOP('',(#128));
#275=EDGE_LOOP('',(#129));
#276=EDGE_LOOP('',(#130));
#277=EDGE_LOOP('',(#131));
#278=FACE_BOUND('',#244,.T.);
#279=FACE_BOUND('',#245,.T.);
#280=FACE_BOUND('',#246,.T.);
#281=FACE_BOUND('',#247,.T.);
#282=FACE_BOUND('',#248,.T.);
#283=FACE_BOUND('',#249,.T.);
#284=FACE_BOUND('',#250,.T.);
#285=FACE_BOUND('',#251,.T.);
#286=FACE_BOUND('',#252,.T.);
#287=FACE_BOUND('',#253,.T.);
#288=FACE_BOUND('',#254,.T.);
#289=FACE_BOUND('',#255,.T.);
#290=FACE_BOUND('',#256,.T.);
#291=FACE_BOUND('',#257,.T.);
#292=FACE_BOUND('',#258,.T.);
#293=FACE_BOUND('',#259,.T.);
#294=FACE_BOUND('',#260,.T.);
#295=FACE_BOUND('',#261,.T.);
#296=FACE_BOUND('',#262,.T.);
#297=FACE_BOUND('',#263,.T.);
#298=FACE_BOUND('',#264,.T.);
#299=FACE_BOUND('',#265,.T.);
#300=FACE_BOUND('',#266,.T.);
#301=FACE_BOUND('',#267,.T.);
#302=FACE_BOUND('',#268,.T.);
#303=FACE_BOUND('',#269,.T.);
#304=FACE_BOUND('',#270,.T.);
#305=FACE_BOUND('',#271,.T.);
#306=FACE_BOUND('',#272,.T.);
#307=FACE_BOUND('',#273,.T.);
#308=FACE_BOUND('',#274,.T.);
#309=FACE_BOUND('',#275,.T.);
#310=FACE_BOUND('',#276,.T.);
#311=FACE_BOUND('',#277,.T.);
#312=B_SPLINE_SURFACE_WITH_KNOTS('',3,3,((#414,#415,#416,#417),(#418,#419,
#420,#421),(#422,#423,#424,#425),(#426,#427,#428,#429),(#430,#431,#432,
#433),(#434,#435,#436,#437),(#438,#439,#440,#441),(#442,#443,#444,#445),
(#446,#447,#448,#449),(#450,#451,#452,#453),(#454,#455,#456,#457),(#458,
#459,#460,#461),(#462,#463,#464,#465),(#466,#467,#468,#469),(#470,#471,
#472,#473),(#474,#475,#476,#477),(#478,#479,#480,#481),(#482,#483,#484,
#485)),.UNSPECIFIED.,.F.,.F.,.F.,(4,1,1,1,1,1,1,1,1,1,1,1,1,1,1,4),(4,4),
(-0.0189468998848425,0.0194636207974179,0.0578741414796783,0.134695182844199,
0.244439527650657,0.376132741418407,0.507825955186157,0.639519168953907,
0.749263513760365,0.837058989605532,0.891931162008761,0.935828899931344,
0.963264986132959,0.98521385509425,1.00167550681522,1.03459881025716),(0.,
0.533149036867492),.UNSPECIFIED.);
#313=B_SPLINE_SURFACE_WITH_KNOTS('',3,3,((#516,#517,#518,#519),(#520,#521,
#522,#523),(#524,#525,#526,#527),(#528,#529,#530,#531),(#532,#533,#534,
#535),(#536,#537,#538,#539),(#540,#541,#542,#543),(#544,#545,#546,#547),
(#548,#549,#550,#551),(#552,#553,#554,#555),(#556,#557,#558,#559),(#560,
#561,#562,#563),(#564,#565,#566,#567),(#568,#569,#570,#571),(#572,#573,
#574,#575),(#576,#577,#578,#579),(#580,#581,#582,#583),(#584,#585,#586,
#587),(#588,#589,#590,#591),(#592,#593,#594,#595),(#596,#597,#598,#599),
(#600,#601,#602,#603),(#604,#605,#606,#607),(#608,#609,#610,#611),(#612,
#613,#614,#615),(#616,#617,#618,#619),(#620,#621,#622,#623),(#624,#625,
#626,#627),(#628,#629,#630,#631),(#632,#633,#634,#635),(#636,#637,#638,
#639),(#640,#641,#642,#643),(#644,#645,#646,#647)),.UNSPECIFIED.,.F.,.F.,
 .F.,(4,1,1,1,1,1,1,1,1,1,1,1,1,1,1,1,1,1,1,1,1,1,1,1,1,1,1,1,1,1,4),(4,
4),(-0.01,-0.00269459635416667,-3.80859375000009E-5,0.00261842447916667,
0.00726731770833333,0.01390859375,0.0245346354166667,0.0378171875,0.0590692708333333,
0.085634375,0.128138541666667,0.18126875,0.266277083333333,0.351285416666667,
0.43629375,0.50005,0.56380625,0.648814583333333,0.733822916666667,0.81883125,
0.871961458333333,0.914465625,0.941030729166667,0.9622828125,0.975565364583333,
0.98619140625,0.992832682291667,0.997481575520833,1.0001380859375,1.00279459635417,
1.0101),(-0.00382200761854817,0.610813026397527),.UNSPECIFIED.);
#314=B_SPLINE_SURFACE_WITH_KNOTS('',3,3,((#681,#682,#683,#684),(#685,#686,
#687,#688),(#689,#690,#691,#692),(#693,#694,#695,#696),(#697,#698,#699,
#700),(#701,#702,#703,#704),(#705,#706,#707,#708),(#709,#710,#711,#712),
(#713,#714,#715,#716),(#717,#718,#719,#720),(#721,#722,#723,#724),(#725,
#726,#727,#728),(#729,#730,#731,#732),(#733,#734,#735,#736),(#737,#738,
#739,#740),(#741,#742,#743,#744),(#745,#746,#747,#748),(#749,#750,#751,
#752)),.UNSPECIFIED.,.F.,.F.,.F.,(4,1,1,1,1,1,1,1,1,1,1,1,1,1,1,4),(4,4),
(-0.0345974388779346,-0.0016748114516742,0.014786502261456,0.0367349205456296,
0.0641704434008466,0.108067279969194,0.162938325679628,0.250731998816322,
0.36047409023719,0.492164599942232,0.623855109647274,0.755545619352316,
0.865287710773184,0.942107174767791,0.980516906765095,1.0189266387624),
(0.,0.533215257770535),.UNSPECIFIED.);
#315=B_SPLINE_SURFACE_WITH_KNOTS('',3,3,((#776,#777,#778,#779,#780),(#781,
#782,#783,#784,#785),(#786,#787,#788,#789,#790),(#791,#792,#793,#794,#795),
(#796,#797,#798,#799,#800),(#801,#802,#803,#804,#805),(#806,#807,#808,#809,
#810),(#811,#812,#813,#814,#815),(#816,#817,#818,#819,#820),(#821,#822,
#823,#824,#825),(#826,#827,#828,#829,#830),(#831,#832,#833,#834,#835),(#836,
#837,#838,#839,#840),(#841,#842,#843,#844,#845),(#846,#847,#848,#849,#850),
(#851,#852,#853,#854,#855),(#856,#857,#858,#859,#860),(#861,#862,#863,#864,
#865),(#866,#867,#868,#869,#870),(#871,#872,#873,#874,#875),(#876,#877,
#878,#879,#880),(#881,#882,#883,#884,#885),(#886,#887,#888,#889,#890),(#891,
#892,#893,#894,#895),(#896,#897,#898,#899,#900),(#901,#902,#903,#904,#905),
(#906,#907,#908,#909,#910),(#911,#912,#913,#914,#915),(#916,#917,#918,#919,
#920),(#921,#922,#923,#924,#925),(#926,#927,#928,#929,#930)),
 .UNSPECIFIED.,.F.,.F.,.F.,(4,1,1,1,1,1,1,1,1,1,1,1,1,1,1,1,1,1,1,1,1,1,
1,1,1,1,1,1,4),(4,1,4),(-0.00934438568055661,-5.94644736037715E-5,0.00922545673334907,
0.0224896298861388,0.0384066376694866,0.0596293147139502,0.0861576610195297,
0.128603015108457,0.181659707719616,0.245327738853007,0.308995769986398,
0.372663801119789,0.425720493730948,0.468165847819875,0.499999863386571,
0.531833878953266,0.574279233042193,0.627335925653352,0.691003956786743,
0.754671987920134,0.818340019053525,0.871396711664684,0.913842065753612,
0.940370412059191,0.961593089103655,0.977510096887003,0.990774270039792,
1.00005919124675,1.0093441124537),(-0.00524400085042901,0.263306403647941,
0.531856808146311),.UNSPECIFIED.);
#316=B_SPLINE_SURFACE_WITH_KNOTS('',3,3,((#966,#967,#968,#969,#970,#971,
#972,#973,#974,#975,#976,#977,#978,#979,#980),(#981,#982,#983,#984,#985,
#986,#987,#988,#989,#990,#991,#992,#993,#994,#995),(#996,#997,#998,#999,
#1000,#1001,#1002,#1003,#1004,#1005,#1006,#1007,#1008,#1009,#1010),(#1011,
#1012,#1013,#1014,#1015,#1016,#1017,#1018,#1019,#1020,#1021,#1022,#1023,
#1024,#1025),(#1026,#1027,#1028,#1029,#1030,#1031,#1032,#1033,#1034,#1035,
#1036,#1037,#1038,#1039,#1040),(#1041,#1042,#1043,#1044,#1045,#1046,#1047,
#1048,#1049,#1050,#1051,#1052,#1053,#1054,#1055),(#1056,#1057,#1058,#1059,
#1060,#1061,#1062,#1063,#1064,#1065,#1066,#1067,#1068,#1069,#1070),(#1071,
#1072,#1073,#1074,#1075,#1076,#1077,#1078,#1079,#1080,#1081,#1082,#1083,
#1084,#1085),(#1086,#1087,#1088,#1089,#1090,#1091,#1092,#1093,#1094,#1095,
#1096,#1097,#1098,#1099,#1100),(#1101,#1102,#1103,#1104,#1105,#1106,#1107,
#1108,#1109,#1110,#1111,#1112,#1113,#1114,#1115),(#1116,#1117,#1118,#1119,
#1120,#1121,#1122,#1123,#1124,#1125,#1126,#1127,#1128,#1129,#1130),(#1131,
#1132,#1133,#1134,#1135,#1136,#1137,#1138,#1139,#1140,#1141,#1142,#1143,
#1144,#1145)),.UNSPECIFIED.,.F.,.F.,.F.,(4,3,2,3,4),(4,3,2,3,3,4),(-0.0101,
0.,0.500001622442679,1.,1.01),(-0.0101,0.,0.5,1.,1.01,1.0213599129042),
 .UNSPECIFIED.);
#317=B_SPLINE_SURFACE_WITH_KNOTS('',3,1,((#1168,#1169,#1170),(#1171,#1172,
#1173),(#1174,#1175,#1176),(#1177,#1178,#1179),(#1180,#1181,#1182),(#1183,
#1184,#1185),(#1186,#1187,#1188),(#1189,#1190,#1191),(#1192,#1193,#1194),
(#1195,#1196,#1197),(#1198,#1199,#1200),(#1201,#1202,#1203),(#1204,#1205,
#1206),(#1207,#1208,#1209),(#1210,#1211,#1212),(#1213,#1214,#1215)),
 .RULED_SURF.,.F.,.F.,.F.,(4,3,2,2,2,3,4),(2,1,2),(-0.0617385361887898,
0.,0.25,0.375,0.5,1.,1.04041600385558),(0.,1.,1.01),.UNSPECIFIED.);
#318=B_SPLINE_SURFACE_WITH_KNOTS('',3,3,((#1227,#1228,#1229,#1230,#1231,
#1232,#1233,#1234,#1235,#1236),(#1237,#1238,#1239,#1240,#1241,#1242,#1243,
#1244,#1245,#1246),(#1247,#1248,#1249,#1250,#1251,#1252,#1253,#1254,#1255,
#1256),(#1257,#1258,#1259,#1260,#1261,#1262,#1263,#1264,#1265,#1266),(#1267,
#1268,#1269,#1270,#1271,#1272,#1273,#1274,#1275,#1276),(#1277,#1278,#1279,
#1280,#1281,#1282,#1283,#1284,#1285,#1286),(#1287,#1288,#1289,#1290,#1291,
#1292,#1293,#1294,#1295,#1296),(#1297,#1298,#1299,#1300,#1301,#1302,#1303,
#1304,#1305,#1306),(#1307,#1308,#1309,#1310,#1311,#1312,#1313,#1314,#1315,
#1316),(#1317,#1318,#1319,#1320,#1321,#1322,#1323,#1324,#1325,#1326),(#1327,
#1328,#1329,#1330,#1331,#1332,#1333,#1334,#1335,#1336)),.UNSPECIFIED.,.F.,
 .F.,.F.,(4,3,1,3,4),(4,3,3,4),(-0.01,0.,0.499999920850516,1.,1.0101),(-0.0101,
0.,1.,1.01),.UNSPECIFIED.);
#319=B_SPLINE_SURFACE_WITH_KNOTS('',3,1,((#1356,#1357,#1358),(#1359,#1360,
#1361),(#1362,#1363,#1364),(#1365,#1366,#1367),(#1368,#1369,#1370),(#1371,
#1372,#1373),(#1374,#1375,#1376),(#1377,#1378,#1379),(#1380,#1381,#1382),
(#1383,#1384,#1385),(#1386,#1387,#1388),(#1389,#1390,#1391),(#1392,#1393,
#1394),(#1395,#1396,#1397),(#1398,#1399,#1400),(#1401,#1402,#1403)),
 .RULED_SURF.,.F.,.F.,.F.,(4,3,2,2,2,3,4),(2,1,2),(-0.0473585778878572,
0.,0.5,0.625,0.75,1.,1.06494835695086),(0.,1.,1.01),.UNSPECIFIED.);
#320=B_SPLINE_SURFACE_WITH_KNOTS('',3,3,((#1458,#1459,#1460,#1461,#1462,
#1463,#1464),(#1465,#1466,#1467,#1468,#1469,#1470,#1471),(#1472,#1473,#1474,
#1475,#1476,#1477,#1478),(#1479,#1480,#1481,#1482,#1483,#1484,#1485),(#1486,
#1487,#1488,#1489,#1490,#1491,#1492),(#1493,#1494,#1495,#1496,#1497,#1498,
#1499),(#1500,#1501,#1502,#1503,#1504,#1505,#1506),(#1507,#1508,#1509,#1510,
#1511,#1512,#1513),(#1514,#1515,#1516,#1517,#1518,#1519,#1520),(#1521,#1522,
#1523,#1524,#1525,#1526,#1527),(#1528,#1529,#1530,#1531,#1532,#1533,#1534),
(#1535,#1536,#1537,#1538,#1539,#1540,#1541),(#1542,#1543,#1544,#1545,#1546,
#1547,#1548),(#1549,#1550,#1551,#1552,#1553,#1554,#1555),(#1556,#1557,#1558,
#1559,#1560,#1561,#1562),(#1563,#1564,#1565,#1566,#1567,#1568,#1569),(#1570,
#1571,#1572,#1573,#1574,#1575,#1576),(#1577,#1578,#1579,#1580,#1581,#1582,
#1583),(#1584,#1585,#1586,#1587,#1588,#1589,#1590),(#1591,#1592,#1593,#1594,
#1595,#1596,#1597),(#1598,#1599,#1600,#1601,#1602,#1603,#1604),(#1605,#1606,
#1607,#1608,#1609,#1610,#1611),(#1612,#1613,#1614,#1615,#1616,#1617,#1618),
(#1619,#1620,#1621,#1622,#1623,#1624,#1625),(#1626,#1627,#1628,#1629,#1630,
#1631,#1632),(#1633,#1634,#1635,#1636,#1637,#1638,#1639),(#1640,#1641,#1642,
#1643,#1644,#1645,#1646),(#1647,#1648,#1649,#1650,#1651,#1652,#1653),(#1654,
#1655,#1656,#1657,#1658,#1659,#1660),(#1661,#1662,#1663,#1664,#1665,#1666,
#1667),(#1668,#1669,#1670,#1671,#1672,#1673,#1674),(#1675,#1676,#1677,#1678,
#1679,#1680,#1681),(#1682,#1683,#1684,#1685,#1686,#1687,#1688),(#1689,#1690,
#1691,#1692,#1693,#1694,#1695),(#1696,#1697,#1698,#1699,#1700,#1701,#1702),
(#1703,#1704,#1705,#1706,#1707,#1708,#1709),(#1710,#1711,#1712,#1713,#1714,
#1715,#1716)),.UNSPECIFIED.,.F.,.F.,.F.,(4,1,1,1,1,1,1,1,1,1,1,1,1,1,1,
1,1,1,1,1,1,1,1,1,1,1,1,1,1,1,1,1,1,1,4),(4,1,1,1,4),(-0.0101,-0.00279459635416667,
-0.000138085937499999,0.00251842447916667,0.00716731770833334,0.01380859375,
0.0244346354166667,0.0377171875,0.0589692708333333,0.085534375,0.128038541666667,
0.18116875,0.244925,0.30868125,0.3724375,0.425567708333333,0.468071875,
0.49995,0.531828125,0.574332291666667,0.6274625,0.69121875,0.754975,0.81873125,
0.871861458333333,0.914365625,0.940930729166667,0.9621828125,0.975465364583333,
0.98609140625,0.992732682291667,0.997381575520834,1.0000380859375,1.00269459635417,
1.01),(0.554213571152995,0.786154836311376,0.882797030127368,0.950446565798562,
1.01809610146976),.UNSPECIFIED.);
#321=B_SPLINE_SURFACE_WITH_KNOTS('',3,3,((#1753,#1754,#1755,#1756,#1757,
#1758,#1759,#1760),(#1761,#1762,#1763,#1764,#1765,#1766,#1767,#1768),(#1769,
#1770,#1771,#1772,#1773,#1774,#1775,#1776),(#1777,#1778,#1779,#1780,#1781,
#1782,#1783,#1784),(#1785,#1786,#1787,#1788,#1789,#1790,#1791,#1792),(#1793,
#1794,#1795,#1796,#1797,#1798,#1799,#1800),(#1801,#1802,#1803,#1804,#1805,
#1806,#1807,#1808),(#1809,#1810,#1811,#1812,#1813,#1814,#1815,#1816),(#1817,
#1818,#1819,#1820,#1821,#1822,#1823,#1824),(#1825,#1826,#1827,#1828,#1829,
#1830,#1831,#1832),(#1833,#1834,#1835,#1836,#1837,#1838,#1839,#1840),(#1841,
#1842,#1843,#1844,#1845,#1846,#1847,#1848),(#1849,#1850,#1851,#1852,#1853,
#1854,#1855,#1856),(#1857,#1858,#1859,#1860,#1861,#1862,#1863,#1864),(#1865,
#1866,#1867,#1868,#1869,#1870,#1871,#1872),(#1873,#1874,#1875,#1876,#1877,
#1878,#1879,#1880),(#1881,#1882,#1883,#1884,#1885,#1886,#1887,#1888),(#1889,
#1890,#1891,#1892,#1893,#1894,#1895,#1896),(#1897,#1898,#1899,#1900,#1901,
#1902,#1903,#1904),(#1905,#1906,#1907,#1908,#1909,#1910,#1911,#1912),(#1913,
#1914,#1915,#1916,#1917,#1918,#1919,#1920),(#1921,#1922,#1923,#1924,#1925,
#1926,#1927,#1928)),.UNSPECIFIED.,.F.,.F.,.F.,(4,1,1,1,1,1,1,1,1,1,1,1,
1,1,1,1,1,1,1,4),(4,1,1,1,1,4),(-0.0617385361887898,-0.0272962068124032,
-0.0129452362389088,-0.00146445978011332,0.0100163166786822,0.0243672872521766,
0.0473288401697676,0.087511557775552,0.14491544006953,0.236761651739894,
0.351569416327849,0.489338733833395,0.627108051338941,0.741915815926897,
0.833762027597261,0.891165909891238,0.93708901572642,0.971531345102807,
1.0002332862498,1.04041600385558),(0.557530110497644,0.762126346132529,
0.836524977272487,0.892323950627455,0.938823095089929,1.00392189733739),
 .UNSPECIFIED.);
#322=B_SPLINE_SURFACE_WITH_KNOTS('',3,3,((#1953,#1954,#1955,#1956),(#1957,
#1958,#1959,#1960),(#1961,#1962,#1963,#1964),(#1965,#1966,#1967,#1968),
(#1969,#1970,#1971,#1972),(#1973,#1974,#1975,#1976),(#1977,#1978,#1979,
#1980),(#1981,#1982,#1983,#1984),(#1985,#1986,#1987,#1988),(#1989,#1990,
#1991,#1992),(#1993,#1994,#1995,#1996),(#1997,#1998,#1999,#2000),(#2001,
#2002,#2003,#2004),(#2005,#2006,#2007,#2008),(#2009,#2010,#2011,#2012),
(#2013,#2014,#2015,#2016),(#2017,#2018,#2019,#2020),(#2021,#2022,#2023,
#2024),(#2025,#2026,#2027,#2028),(#2029,#2030,#2031,#2032),(#2033,#2034,
#2035,#2036),(#2037,#2038,#2039,#2040),(#2041,#2042,#2043,#2044),(#2045,
#2046,#2047,#2048),(#2049,#2050,#2051,#2052),(#2053,#2054,#2055,#2056),
(#2057,#2058,#2059,#2060),(#2061,#2062,#2063,#2064),(#2065,#2066,#2067,
#2068),(#2069,#2070,#2071,#2072),(#2073,#2074,#2075,#2076),(#2077,#2078,
#2079,#2080),(#2081,#2082,#2083,#2084)),.UNSPECIFIED.,.F.,.F.,.F.,(4,1,
1,1,1,1,1,1,1,1,1,1,1,1,1,1,1,1,1,1,1,1,1,1,1,1,1,1,1,1,4),(4,4),(-0.01,
-0.00269459635416667,-3.80859375000009E-5,0.00261842447916667,0.00726731770833333,
0.01390859375,0.0245346354166667,0.0378171875,0.0590692708333333,0.085634375,
0.128138541666667,0.18126875,0.266277083333333,0.351285416666667,0.43629375,
0.50005,0.56380625,0.648814583333333,0.733822916666667,0.81883125,0.871961458333333,
0.914465625,0.941030729166667,0.9622828125,0.975565364583333,0.98619140625,
0.992832682291667,0.997481575520833,1.0001380859375,1.00279459635417,1.0101),
(0.556941203026074,1.00383646705662),.UNSPECIFIED.);
#323=B_SPLINE_SURFACE_WITH_KNOTS('',3,3,((#2112,#2113,#2114,#2115,#2116,
#2117,#2118,#2119),(#2120,#2121,#2122,#2123,#2124,#2125,#2126,#2127),(#2128,
#2129,#2130,#2131,#2132,#2133,#2134,#2135),(#2136,#2137,#2138,#2139,#2140,
#2141,#2142,#2143),(#2144,#2145,#2146,#2147,#2148,#2149,#2150,#2151),(#2152,
#2153,#2154,#2155,#2156,#2157,#2158,#2159),(#2160,#2161,#2162,#2163,#2164,
#2165,#2166,#2167),(#2168,#2169,#2170,#2171,#2172,#2173,#2174,#2175),(#2176,
#2177,#2178,#2179,#2180,#2181,#2182,#2183),(#2184,#2185,#2186,#2187,#2188,
#2189,#2190,#2191),(#2192,#2193,#2194,#2195,#2196,#2197,#2198,#2199),(#2200,
#2201,#2202,#2203,#2204,#2205,#2206,#2207),(#2208,#2209,#2210,#2211,#2212,
#2213,#2214,#2215),(#2216,#2217,#2218,#2219,#2220,#2221,#2222,#2223),(#2224,
#2225,#2226,#2227,#2228,#2229,#2230,#2231),(#2232,#2233,#2234,#2235,#2236,
#2237,#2238,#2239),(#2240,#2241,#2242,#2243,#2244,#2245,#2246,#2247),(#2248,
#2249,#2250,#2251,#2252,#2253,#2254,#2255),(#2256,#2257,#2258,#2259,#2260,
#2261,#2262,#2263),(#2264,#2265,#2266,#2267,#2268,#2269,#2270,#2271),(#2272,
#2273,#2274,#2275,#2276,#2277,#2278,#2279),(#2280,#2281,#2282,#2283,#2284,
#2285,#2286,#2287),(#2288,#2289,#2290,#2291,#2292,#2293,#2294,#2295)),
 .UNSPECIFIED.,.F.,.F.,.F.,(4,1,1,1,1,1,1,1,1,1,1,1,1,1,1,1,1,1,1,1,4),
(4,1,1,1,1,4),(-0.0473585778878572,-0.0125989861741473,0.00478080968270767,
0.0279538708251809,0.0569201972532725,0.103266319538219,0.161198972394402,
0.253891216964295,0.369756522676662,0.508794889531501,0.647833256386341,
0.763698562098707,0.856390806668601,0.914323459524784,0.954876316524112,
0.978049377666585,0.992532540880631,1.00411907145187,1.0157056020231,1.03018876523715,
1.06494835695086),(0.557456394586047,0.762086616989611,0.836497606954544,
0.892305849428243,0.938812718156326,1.00392233437564),.UNSPECIFIED.);
#324=ADVANCED_FACE('',(#278),#312,.F.);
#325=ADVANCED_FACE('',(#279),#313,.F.);
#326=ADVANCED_FACE('',(#280),#314,.F.);
#327=ADVANCED_FACE('',(#281),#315,.F.);
#328=ADVANCED_FACE('',(#282),#316,.T.);
#329=ADVANCED_FACE('',(#283),#317,.T.);
#330=ADVANCED_FACE('',(#284),#318,.T.);
#331=ADVANCED_FACE('',(#285),#319,.T.);
#332=ADVANCED_FACE('',(#286,#287),#24,.T.);
#333=ADVANCED_FACE('',(#288,#289),#25,.F.);
#334=ADVANCED_FACE('',(#290),#320,.F.);
#335=ADVANCED_FACE('',(#291),#321,.F.);
#336=ADVANCED_FACE('',(#292),#322,.F.);
#337=ADVANCED_FACE('',(#293),#323,.F.);
#338=ADVANCED_FACE('',(#294,#295,#296,#297,#298),#26,.F.);
#339=ADVANCED_FACE('',(#299,#300,#301,#302,#303),#27,.T.);
#340=ADVANCED_FACE('',(#304,#305),#12,.F.);
#341=ADVANCED_FACE('',(#306,#307),#13,.F.);
#342=ADVANCED_FACE('',(#308,#309),#14,.F.);
#343=ADVANCED_FACE('',(#310,#311),#15,.F.);
#344=CLOSED_SHELL('',(#324,#325,#326,#327,#328,#329,#330,#331,#332,#333,
#334,#335,#336,#337,#338,#339,#340,#341,#342,#343));
#345=STYLED_ITEM('',(#346),#353);
#346=PRESENTATION_STYLE_ASSIGNMENT((#347));
#347=SURFACE_STYLE_USAGE(.BOTH.,#348);
#348=SURFACE_SIDE_STYLE('',(#349));
#349=SURFACE_STYLE_FILL_AREA(#350);
#350=FILL_AREA_STYLE('',(#351));
#351=FILL_AREA_STYLE_COLOUR('',#352);
#352=COLOUR_RGB('',0.615686274509804,0.811764705882353,0.929411764705882);
#353=MANIFOLD_SOLID_BREP('Part 1',#344);
#354=SHAPE_DEFINITION_REPRESENTATION(#2333,#355);
#355=SHAPE_REPRESENTATION('Part 1',(#356),#2328);
#356=AXIS2_PLACEMENT_3D('',#413,#373,#374);
#357=AXIS2_PLACEMENT_3D('',#1412,#381,#382);
#358=AXIS2_PLACEMENT_3D('',#1457,#383,#384);
#359=AXIS2_PLACEMENT_3D('',#2305,#385,#386);
#360=AXIS2_PLACEMENT_3D('',#2306,#387,#388);
#361=AXIS2_PLACEMENT_3D('',#2308,#389,#390);
#362=AXIS2_PLACEMENT_3D('',#2310,#391,#392);
#363=AXIS2_PLACEMENT_3D('',#2312,#393,#394);
#364=AXIS2_PLACEMENT_3D('',#2314,#395,#396);
#365=AXIS2_PLACEMENT_3D('',#2315,#397,#398);
#366=AXIS2_PLACEMENT_3D('',#2317,#399,#400);
#367=AXIS2_PLACEMENT_3D('',#2319,#401,#402);
#368=AXIS2_PLACEMENT_3D('',#2321,#403,#404);
#369=AXIS2_PLACEMENT_3D('',#2323,#405,#406);
#370=AXIS2_PLACEMENT_3D('',#2324,#407,#408);
#371=AXIS2_PLACEMENT_3D('',#2325,#409,#410);
#372=AXIS2_PLACEMENT_3D('',#2326,#411,#412);
#373=DIRECTION('',(0.,0.,1.));
#374=DIRECTION('',(1.,0.,0.));
#375=DIRECTION('',(0.0238403501404594,-0.975033085938044,0.220776174057153));
#376=DIRECTION('',(-0.0238403501414779,-0.975033085979709,0.220776173873036));
#377=DIRECTION('',(0.,0.,-1.));
#378=DIRECTION('',(-0.0104607507621154,-0.991877376556181,-0.126766882779061));
#379=DIRECTION('',(0.0104607507621248,-0.991877376556179,-0.126766882779076));
#380=DIRECTION('',(0.,0.,-1.));
#381=DIRECTION('',(0.,-1.,0.));
#382=DIRECTION('',(1.,0.,0.));
#383=DIRECTION('',(0.,-1.,0.));
#384=DIRECTION('',(1.,0.,0.));
#385=DIRECTION('',(0.,-1.,0.));
#386=DIRECTION('',(1.,0.,0.));
#387=DIRECTION('',(0.,-1.,0.));
#388=DIRECTION('',(0.,0.,-1.));
#389=DIRECTION('',(0.,-1.,0.));
#390=DIRECTION('',(0.,0.,-1.));
#391=DIRECTION('',(0.,-1.,0.));
#392=DIRECTION('',(0.,0.,-1.));
#393=DIRECTION('',(0.,-1.,0.));
#394=DIRECTION('',(0.,0.,-1.));
#395=DIRECTION('',(0.,-1.,0.));
#396=DIRECTION('',(1.,0.,0.));
#397=DIRECTION('',(0.,1.,0.));
#398=DIRECTION('',(0.,0.,1.));
#399=DIRECTION('',(0.,1.,0.));
#400=DIRECTION('',(0.,0.,1.));
#401=DIRECTION('',(0.,1.,0.));
#402=DIRECTION('',(0.,0.,1.));
#403=DIRECTION('',(0.,1.,0.));
#404=DIRECTION('',(0.,0.,1.));
#405=DIRECTION('',(0.,1.,0.));
#406=DIRECTION('',(0.,0.,1.));
#407=DIRECTION('',(0.,1.,0.));
#408=DIRECTION('',(0.,0.,1.));
#409=DIRECTION('',(0.,1.,0.));
#410=DIRECTION('',(0.,0.,1.));
#411=DIRECTION('',(0.,1.,0.));
#412=DIRECTION('',(0.,0.,1.));
#413=CARTESIAN_POINT('',(0.,0.,0.));
#414=CARTESIAN_POINT('',(0.0142435780606507,0.000164606588865032,-0.00767530617843171));
#415=CARTESIAN_POINT('',(0.0145524013393945,-0.0111235691857491,-0.0050488120788427));
#416=CARTESIAN_POINT('',(0.0148608315099169,-0.0224117578520116,-0.0024223262729002));
#417=CARTESIAN_POINT('',(0.0151571226263642,-0.0337077334948203,0.000172312307513121));
#418=CARTESIAN_POINT('',(0.0143949715090204,0.00016784906768368,-0.00731543331124192));
#419=CARTESIAN_POINT('',(0.014677683231735,-0.0111202817737762,-0.00474597663464475));
#420=CARTESIAN_POINT('',(0.0149599946121676,-0.0224084234610802,-0.00217652261629326));
#421=CARTESIAN_POINT('',(0.0152298684808104,-0.0337042500051736,0.000360735584639361));
#422=CARTESIAN_POINT('',(0.0146712175900954,0.000158802405243032,-0.00666158588463846));
#423=CARTESIAN_POINT('',(0.0149020922943892,-0.0111290551838484,-0.00420535575409216));
#424=CARTESIAN_POINT('',(0.015132596452631,-0.0224169261247306,-0.0017491508866474));
#425=CARTESIAN_POINT('',(0.0153517520091026,-0.0337117991015079,0.000676068791425888));
#426=CARTESIAN_POINT('',(0.0151949814590073,0.000145784081655242,-0.0053226038633499));
#427=CARTESIAN_POINT('',(0.0153286611543336,-0.011141610654723,-0.00309585326626623));
#428=CARTESIAN_POINT('',(0.0154620153394269,-0.0224290209324415,-0.000869160425473396));
#429=CARTESIAN_POINT('',(0.0155856433355749,-0.0337222854520335,0.00132852010326666));
#430=CARTESIAN_POINT('',(0.0158905990545657,0.000125950481648844,-0.00335532419489585));
#431=CARTESIAN_POINT('',(0.0158943467451971,-0.0111607981578758,-0.00146813732190793));
#432=CARTESIAN_POINT('',(0.015897837838903,-0.0224475648393402,0.000418945141145251));
#433=CARTESIAN_POINT('',(0.0158940682665936,-0.033738586224811,0.00228032772397083));
#434=CARTESIAN_POINT('',(0.0167021573368159,0.000104984562179988,-0.000546845033619494));
#435=CARTESIAN_POINT('',(0.016554589490625,-0.0111810307575443,0.000855688087024905));
#436=CARTESIAN_POINT('',(0.016406847494093,-0.0224670624074858,0.00225807408497321));
#437=CARTESIAN_POINT('',(0.0162546093374966,-0.03375555262698,0.0036395022171743));
#438=CARTESIAN_POINT('',(0.0173632927052359,8.55617639264535E-5,0.0026863251024436));
#439=CARTESIAN_POINT('',(0.0170913103664186,-0.0111997978371015,0.00352667357194482));
#440=CARTESIAN_POINT('',(0.0168192494974621,-0.0224851671006406,0.00436686017965752));
#441=CARTESIAN_POINT('',(0.0165454642578281,-0.0337714101940363,0.00519285503310352));
#442=CARTESIAN_POINT('',(0.0176968152113657,7.36629682995407E-5,0.00594332994672668));
#443=CARTESIAN_POINT('',(0.0173611665847245,-0.0112113015176587,0.00621155255923504));
#444=CARTESIAN_POINT('',(0.0170255221253155,-0.0224962660692969,0.00647968328895062));
#445=CARTESIAN_POINT('',(0.0166900322642523,-0.0337811726633953,0.00674294561872107));
#446=CARTESIAN_POINT('',(0.0176448405216063,7.24909092106205E-5,0.00875324428189758));
#447=CARTESIAN_POINT('',(0.017318688734097,-0.0112124749230931,0.00851846482993273));
#448=CARTESIAN_POINT('',(0.0169925487365793,-0.0224974390194724,0.00828381407232071));
#449=CARTESIAN_POINT('',(0.0166665151176261,-0.0337823559055596,0.00805664244016812));
#450=CARTESIAN_POINT('',(0.0172976956394041,8.40272649721395E-5,0.0109266877628582));
#451=CARTESIAN_POINT('',(0.0170409437963283,-0.0112014149024547,0.0102920008135522));
#452=CARTESIAN_POINT('',(0.0167839663702779,-0.0224868757173593,0.00965780455055429));
#453=CARTESIAN_POINT('',(0.0165233181243518,-0.0337733764145632,0.00904598694064253));
#454=CARTESIAN_POINT('',(0.0168545129971188,0.000100077131087303,0.0124347941948793));
#455=CARTESIAN_POINT('',(0.016687593427345,-0.0111860399986814,0.011521759490387));
#456=CARTESIAN_POINT('',(0.0165200566960139,-0.0224722055293932,0.0106094452846845));
#457=CARTESIAN_POINT('',(0.0163431032061274,-0.0337609518182693,0.00973118920502578));
#458=CARTESIAN_POINT('',(0.016442341239145,0.000115659399522168,0.0134691687242111));
#459=CARTESIAN_POINT('',(0.0163597628182579,-0.0111711027729028,0.0123648088844942));
#460=CARTESIAN_POINT('',(0.0162761827001276,-0.0224579360380342,0.0112612379602621));
#461=CARTESIAN_POINT('',(0.0161773234058884,-0.0337488519602731,0.0102001002191347));
#462=CARTESIAN_POINT('',(0.0161240756668775,0.000127391236813089,0.014136299783396));
#463=CARTESIAN_POINT('',(0.0161066234969007,-0.0111598597167797,0.0129090672601989));
#464=CARTESIAN_POINT('',(0.016087886646807,-0.0224471949636382,0.0116826072682266));
#465=CARTESIAN_POINT('',(0.0160493206656784,-0.0337397705171072,0.0105038565748157));
#466=CARTESIAN_POINT('',(0.0158711256803568,0.000137275597424732,0.0146076041717807));
#467=CARTESIAN_POINT('',(0.0159059401332425,-0.0111503685125407,0.0132931269938646));
#468=CARTESIAN_POINT('',(0.0159392459264862,-0.0224381033028889,0.0119793633192851));
#469=CARTESIAN_POINT('',(0.0159488435397979,-0.0337320293540665,0.0107171112073525));
#470=CARTESIAN_POINT('',(0.01567987956074,0.000143776943981441,0.0149380198310988));
#471=CARTESIAN_POINT('',(0.0157536065702212,-0.0111441437761065,0.0135634810021071));
#472=CARTESIAN_POINT('',(0.0158256804962344,-0.0224321588374554,0.0121896013371793));
#473=CARTESIAN_POINT('',(0.0158714358978703,-0.03372703818082,0.0108695759702464));
#474=CARTESIAN_POINT('',(0.0154733828692164,0.000153185363410208,0.0152723809318821));
#475=CARTESIAN_POINT('',(0.015590819784159,-0.0111350723830551,0.0138346099065984));
#476=CARTESIAN_POINT('',(0.0157064129716651,-0.0224234240717681,0.0123973970991436));
#477=CARTESIAN_POINT('',(0.0157919910384824,-0.0337194820788168,0.0110170131081421));
#478=CARTESIAN_POINT('',(0.0152659544506826,0.000146612087339402,0.0155996971235084));
#479=CARTESIAN_POINT('',(0.0154163486392656,-0.0111416983103095,0.014117299514249));
#480=CARTESIAN_POINT('',(0.0155650022551639,-0.0224301158001991,0.012635513823429));
#481=CARTESIAN_POINT('',(0.0156856717510443,-0.0337263115158173,0.0112089063315203));
#482=CARTESIAN_POINT('',(0.0151563220564425,0.000148046204566161,0.0157753145527601));
#483=CARTESIAN_POINT('',(0.0153274893947736,-0.0111403796127986,0.0142635439235091));
#484=CARTESIAN_POINT('',(0.0154968803588899,-0.0224289153180481,0.0127523660693673));
#485=CARTESIAN_POINT('',(0.0156376016599975,-0.0337255043897263,0.0112969150863635));
#486=CARTESIAN_POINT('',(0.0156667542021795,-0.0335,0.0112678287423699));
#487=CARTESIAN_POINT('',(0.0158964952285651,-0.0335,0.0108500514400453));
#488=CARTESIAN_POINT('',(0.0163161442457677,-0.0335,0.01000164946179));
#489=CARTESIAN_POINT('',(0.0166295939139551,-0.0335,0.00861394643131123));
#490=CARTESIAN_POINT('',(0.0167088000186469,-0.0335,0.00716498626706727));
#491=CARTESIAN_POINT('',(0.0165879623171571,-0.0335,0.00527460543079932));
#492=CARTESIAN_POINT('',(0.0161347492130507,-0.0335,0.00291439134901068));
#493=CARTESIAN_POINT('',(0.015529330445588,-0.0335,0.00110412395380867));
#494=CARTESIAN_POINT('',(0.015185267482338,-0.0335,0.000211734977561823));
#495=CARTESIAN_POINT('',(0.015666765318499,-0.0335000038576541,0.0112677947576556));
#496=CARTESIAN_POINT('',(0.0151853099526294,-0.0334999999993243,0.000211868725637358));
#497=CARTESIAN_POINT('',(0.0155325443267748,-6.15769323245442E-9,0.0151595214693903));
#498=CARTESIAN_POINT('',(0.0155681720817173,-0.0111728752198204,0.0138626064301089));
#499=CARTESIAN_POINT('',(0.0156150085772716,-0.0223475362288209,0.0125503733711432));
#500=CARTESIAN_POINT('',(0.0156667542379942,-0.0335000077153023,0.0112678278550716));
#501=CARTESIAN_POINT('',(0.0155325774732396,4.87890977618477E-19,0.0151594693316912));
#502=CARTESIAN_POINT('',(0.0144636554183125,4.06575814682064E-20,-0.00712399245494758));
#503=CARTESIAN_POINT('',(0.0152115174001912,4.06575814682064E-20,-0.0053442748104178));
#504=CARTESIAN_POINT('',(0.0164821528662429,3.94253225778173E-19,-0.00170843167445799));
#505=CARTESIAN_POINT('',(0.0174564905533854,2.87997003661992E-19,0.00302645681918893));
#506=CARTESIAN_POINT('',(0.0177130431853277,9.27414053310521E-19,0.00684130752101381));
#507=CARTESIAN_POINT('',(0.017553488953667,-4.03553473491159E-18,0.00975849558257378));
#508=CARTESIAN_POINT('',(0.0168926783777064,1.28972427426481E-17,0.0125644017633319));
#509=CARTESIAN_POINT('',(0.0160502149670455,-8.13151629364128E-19,0.0143345783077321));
#510=CARTESIAN_POINT('',(0.0155325774732396,-8.13151629364128E-19,0.0151594693316912));
#511=CARTESIAN_POINT('',(0.0144636554183125,-3.2119489359883E-18,-0.00712399245494759));
#512=CARTESIAN_POINT('',(0.0144636376968253,-9.29871520725261E-9,-0.0071240330630622));
#513=CARTESIAN_POINT('',(0.0147044899780561,-0.0111659402262834,-0.00467229276284366));
#514=CARTESIAN_POINT('',(0.0149462796829644,-0.0223340275188285,-0.00221798351975252));
#515=CARTESIAN_POINT('',(0.0151852678911107,-0.0335000190947109,0.000211739132794554));
#516=CARTESIAN_POINT('',(0.0157510464059698,0.000402922672162212,0.0148579987955206));
#517=CARTESIAN_POINT('',(0.0156795439781634,-0.0126432259587539,0.0134256446667585));
#518=CARTESIAN_POINT('',(0.0156794291128544,-0.0256891912890838,0.0119961123062538));
#519=CARTESIAN_POINT('',(0.015725151486062,-0.0387295873525889,0.0105266831286458));
#520=CARTESIAN_POINT('',(0.0156949392041154,0.000399885201455522,0.0149466569617071));
#521=CARTESIAN_POINT('',(0.0156325452134812,-0.0126463815356553,0.0135245643718467));
#522=CARTESIAN_POINT('',(0.0156419279637841,-0.0256923484505852,0.0121050742756719));
#523=CARTESIAN_POINT('',(0.0156971717385698,-0.0387326721128484,0.0106453969383373));
#524=CARTESIAN_POINT('',(0.0156294540072109,0.000398085795041952,0.0150500103439364));
#525=CARTESIAN_POINT('',(0.0155788188068018,-0.0126476465624869,0.0136380248676603));
#526=CARTESIAN_POINT('',(0.0155990688773063,-0.0256931594186235,0.0122291117198001));
#527=CARTESIAN_POINT('',(0.0156650933087959,-0.0387331885169423,0.0107806612382716));
#528=CARTESIAN_POINT('',(0.0155304733841153,0.000392394350827287,0.0152064663251642));
#529=CARTESIAN_POINT('',(0.015495696187538,-0.0126536724516305,0.0138129367151487));
#530=CARTESIAN_POINT('',(0.0155327437299431,-0.0256992733938723,0.0124219556041121));
#531=CARTESIAN_POINT('',(0.0156156289619122,-0.0387392139124767,0.0109907387894491));
#532=CARTESIAN_POINT('',(0.0154752198805849,0.000392767133358139,0.0152935476579726));
#533=CARTESIAN_POINT('',(0.0154515876663772,-0.0126521198736852,0.0139065196355933));
#534=CARTESIAN_POINT('',(0.0154975690081962,-0.0256968432739846,0.0125232231848073));
#535=CARTESIAN_POINT('',(0.0155891908086328,-0.0387363073915965,0.0111013114628758));
#536=CARTESIAN_POINT('',(0.0153840126672094,0.000390646600228422,0.0154338137870849));
#537=CARTESIAN_POINT('',(0.0153762789099709,-0.0126511915620007,0.0140605756477429));
#538=CARTESIAN_POINT('',(0.0154367505195005,-0.0256943506761177,0.0126916189500356));
#539=CARTESIAN_POINT('',(0.015542669971839,-0.0387338540544143,0.0112849642537599));
#540=CARTESIAN_POINT('',(0.0152494580352243,0.000389678771082721,0.015634095576365));
#541=CARTESIAN_POINT('',(0.0152652834643758,-0.0126430826266551,0.0142790943663046));
#542=CARTESIAN_POINT('',(0.0153458049499428,-0.0256819267500144,0.0129296368277902));
#543=CARTESIAN_POINT('',(0.0154712783205702,-0.0387220909509659,0.0115446936218198));
#544=CARTESIAN_POINT('',(0.015048513746918,0.000386699504962446,0.0159194472782909));
#545=CARTESIAN_POINT('',(0.0150957798256865,-0.0126252343537846,0.0145937173299401));
#546=CARTESIAN_POINT('',(0.0152041733299201,-0.0256550069470425,0.0132738746414947));
#547=CARTESIAN_POINT('',(0.0153567544417351,-0.0386981508134357,0.011920214723884));
#548=CARTESIAN_POINT('',(0.0147444986437995,0.000383123663228872,0.0163231007677211));
#549=CARTESIAN_POINT('',(0.0148343905382931,-0.0125815773908769,0.0150412826644889));
#550=CARTESIAN_POINT('',(0.0149802505690605,-0.0255914662935556,0.0137646055350866));
#551=CARTESIAN_POINT('',(0.0151689168477116,-0.0386425333385014,0.0124556666692043));
#552=CARTESIAN_POINT('',(0.0143074141079287,0.000377233621223636,0.0168531347526707));
#553=CARTESIAN_POINT('',(0.0144481849344344,-0.0124935549780636,0.0156359489461903));
#554=CARTESIAN_POINT('',(0.0146397115235234,-0.0254649271573447,0.0144199339299089));
#555=CARTESIAN_POINT('',(0.0148719981947823,-0.0385335000241813,0.0131709464755004));
#556=CARTESIAN_POINT('',(0.0136175428567631,0.000367798672049308,0.0175925980927531));
#557=CARTESIAN_POINT('',(0.0138196186786334,-0.0123086145987108,0.0164775673656845));
#558=CARTESIAN_POINT('',(0.0140671293925714,-0.0252014307561201,0.0153534603107642));
#559=CARTESIAN_POINT('',(0.0143524061489156,-0.0383082092311196,0.014190967284266));
#560=CARTESIAN_POINT('',(0.0125965855056532,0.000352247302791036,0.0185158729408152));
#561=CARTESIAN_POINT('',(0.0128558154688107,-0.0119675909821249,0.0175503522521969));
#562=CARTESIAN_POINT('',(0.0131578709727455,-0.0247177526092791,0.0165551888414738));
#563=CARTESIAN_POINT('',(0.0134943621750797,-0.0378971069607012,0.0155071179845478));
#564=CARTESIAN_POINT('',(0.0109213050654221,0.00032369956418426,0.0197201021971755));
#565=CARTESIAN_POINT('',(0.0112169242034931,-0.0113261766018475,0.018986609214322));
#566=CARTESIAN_POINT('',(0.0115580821769727,-0.023809849513807,0.0181850621451007));
#567=CARTESIAN_POINT('',(0.0119303102154104,-0.0371282036373578,0.0173002845407572));
#568=CARTESIAN_POINT('',(0.00858177040097896,0.000278718148638688,0.0209216494448653));
#569=CARTESIAN_POINT('',(0.0088503899066086,-0.0103978180836255,0.0204705524682052));
#570=CARTESIAN_POINT('',(0.0091744301282843,-0.0224957501743779,0.0198986440437299));
#571=CARTESIAN_POINT('',(0.00952537659125296,-0.0360179596738003,0.0191998134462644));
#572=CARTESIAN_POINT('',(0.00561057737867909,0.000220594941029745,0.0218792777415304));
#573=CARTESIAN_POINT('',(0.00578740977401166,-0.0093860174915134,0.0216945024396878));
#574=CARTESIAN_POINT('',(0.0060245088724975,-0.0210619212374475,0.0213374839770089));
#575=CARTESIAN_POINT('',(0.00627921327583074,-0.0348076188215188,0.0208083437978954));
#576=CARTESIAN_POINT('',(0.00270615994770099,0.00017551333591117,0.0223674965935948));
#577=CARTESIAN_POINT('',(0.00278042243311696,-0.00872173152989966,0.0223374037412454));
#578=CARTESIAN_POINT('',(0.00289775651454341,-0.0201205700261253,0.0221062267470877));
#579=CARTESIAN_POINT('',(0.00302302179145828,-0.0340129908970032,0.0216736743904804));
#580=CARTESIAN_POINT('',(-1.92365460653907E-6,0.000159334153258897,0.0224997336826325));
#581=CARTESIAN_POINT('',(-1.96508846627511E-6,-0.0085014277860345,0.0225163614874375));
#582=CARTESIAN_POINT('',(-2.04566594540189E-6,-0.0198085591407778,0.0223231422109693));
#583=CARTESIAN_POINT('',(-2.13227201606181E-6,-0.0337495571320094,0.0219189579331591));
#584=CARTESIAN_POINT('',(-0.00270995316698465,0.000175559469270028,0.0223670790648685));
#585=CARTESIAN_POINT('',(-0.00278434609927276,-0.0087223725178086,0.0223368452636278));
#586=CARTESIAN_POINT('',(-0.0029018475107343,-0.0201214780540259,0.0221055533757853));
#587=CARTESIAN_POINT('',(-0.00302729122563096,-0.0340137574862591,0.0216729142417687));
#588=CARTESIAN_POINT('',(-0.00561421379492012,0.000220661594024299,0.0218784006241181));
#589=CARTESIAN_POINT('',(-0.00579117062841858,-0.00938708060752746,0.0216933632621276));
#590=CARTESIAN_POINT('',(-0.00602840121460396,-0.0210634280521077,0.0213361325730109));
#591=CARTESIAN_POINT('',(-0.00628325036623144,-0.0348088907312104,0.0208068270129346));
#592=CARTESIAN_POINT('',(-0.00858512103521458,0.000278786627657452,0.0209202606055733));
#593=CARTESIAN_POINT('',(-0.00885382151249421,-0.0103990830410469,0.0204688046167385));
#594=CARTESIAN_POINT('',(-0.00917792819324898,-0.0224975425165295,0.0198966063511411));
#595=CARTESIAN_POINT('',(-0.00952894898290185,-0.0360194724096781,0.0191975445545024));
#596=CARTESIAN_POINT('',(-0.0109242792240077,0.000323751360694757,0.0197183292864607));
#597=CARTESIAN_POINT('',(-0.0112198948753815,-0.0113273740070994,0.0189844521628184));
#598=CARTESIAN_POINT('',(-0.0115610404876529,-0.023811542873624,0.0181825898855046));
#599=CARTESIAN_POINT('',(-0.0119332610436477,-0.0371296363834451,0.0172975528475378));
#600=CARTESIAN_POINT('',(-0.0125992667580536,0.000352296026586216,0.0185137003162223));
#601=CARTESIAN_POINT('',(-0.0128583977916762,-0.0119685540797573,0.0175477899176682));
#602=CARTESIAN_POINT('',(-0.0131603508503878,-0.0247191185667505,0.0165522975135392));
#603=CARTESIAN_POINT('',(-0.0134967459084514,-0.0378982635605336,0.0155039451076995));
#604=CARTESIAN_POINT('',(-0.0136199160202937,0.000367825913030566,0.0175903006724169));
#605=CARTESIAN_POINT('',(-0.0138218249178102,-0.0123093660807534,0.0164749265885391));
#606=CARTESIAN_POINT('',(-0.0140691846084882,-0.0252024954845975,0.0153505175387243));
#607=CARTESIAN_POINT('',(-0.014354319913638,-0.038309118494362,0.014187747486002));
#608=CARTESIAN_POINT('',(-0.014309706072424,0.00037727845361962,0.0168504974320775));
#609=CARTESIAN_POINT('',(-0.0144502470518978,-0.0124940662323809,0.0156329574845363));
#610=CARTESIAN_POINT('',(-0.0146415561618941,-0.0254656633207112,0.014416620829275));
#611=CARTESIAN_POINT('',(-0.0148736348298684,-0.0385341269451029,0.0131673297555413));
#612=CARTESIAN_POINT('',(-0.0147464953572833,0.000383130752261181,0.0163206062901276));
#613=CARTESIAN_POINT('',(-0.0148361274283666,-0.0125819702595642,0.0150385144135242));
#614=CARTESIAN_POINT('',(-0.01498176895455,-0.0255920261599363,0.0137615702468871));
#615=CARTESIAN_POINT('',(-0.0151702275257534,-0.038643023999029,0.0124523529263362));
#616=CARTESIAN_POINT('',(-0.0150506872851015,0.000386763247809581,0.0159164278429025));
#617=CARTESIAN_POINT('',(-0.0150976473907622,-0.0126254218013527,0.0145903459792229));
#618=CARTESIAN_POINT('',(-0.0152057468501761,-0.0256552989374413,0.0132701648258753));
#619=CARTESIAN_POINT('',(-0.0153580405042276,-0.038698398053965,0.0119161699667219));
#620=CARTESIAN_POINT('',(-0.0152511416596868,0.000389652040864863,0.0156316842538941));
#621=CARTESIAN_POINT('',(-0.0152666654935572,-0.0126432905507297,0.0142764935980786));
#622=CARTESIAN_POINT('',(-0.0153469559238072,-0.025682219087728,0.0129268208878063));
#623=CARTESIAN_POINT('',(-0.0154722079177388,-0.0387223675666887,0.0115416179754008));
#624=CARTESIAN_POINT('',(-0.0153863344141344,0.000390764981718159,0.0154302697291798));
#625=CARTESIAN_POINT('',(-0.0153782437560462,-0.012651144054363,0.014056610597917));
#626=CARTESIAN_POINT('',(-0.0154383435576303,-0.0256943331328674,0.0126872478341798));
#627=CARTESIAN_POINT('',(-0.0155438922239866,-0.038733823614892,0.011280201949263));
#628=CARTESIAN_POINT('',(-0.0154765984640305,0.000392691936125001,0.0152914196483681));
#629=CARTESIAN_POINT('',(-0.0154526535768246,-0.0126522732471759,0.0139042985218669));
#630=CARTESIAN_POINT('',(-0.0154984267175442,-0.0256970447459131,0.0125208549801818));
#631=CARTESIAN_POINT('',(-0.0155898500675714,-0.038736523280978,0.0110987206994489));
#632=CARTESIAN_POINT('',(-0.0155328297335216,0.000392531054836207,0.0152027329326665));
#633=CARTESIAN_POINT('',(-0.0154976740888209,-0.0126535222991429,0.0138087629605958));
#634=CARTESIAN_POINT('',(-0.0155343201958276,-0.0256991188982926,0.0124173538452913));
#635=CARTESIAN_POINT('',(-0.0156168022986408,-0.0387390625437407,0.0109857258527308));
#636=CARTESIAN_POINT('',(-0.0156314055140359,0.000398134691098252,0.0150469420683674));
#637=CARTESIAN_POINT('',(-0.0155804191211232,-0.0126476221559513,0.0136346600427069));
#638=CARTESIAN_POINT('',(-0.0156003477869345,-0.0256931523786311,0.0122254352245911));
#639=CARTESIAN_POINT('',(-0.0156660538567348,-0.0387331892731896,0.0107766516819176));
#640=CARTESIAN_POINT('',(-0.0156972889289387,0.000400020373429158,0.0149429350009062));
#641=CARTESIAN_POINT('',(-0.0156345169649643,-0.0126462335371219,0.0135204044437046));
#642=CARTESIAN_POINT('',(-0.0156434996192874,-0.025692196459112,0.0121004882765757));
#643=CARTESIAN_POINT('',(-0.0156983416794239,-0.0387325233172101,0.0106404010653519));
#644=CARTESIAN_POINT('',(-0.0157532300128314,0.000403021804242835,0.0148545498021518));
#645=CARTESIAN_POINT('',(-0.0156813607981718,-0.0126431295671354,0.0134218167202507));
#646=CARTESIAN_POINT('',(-0.0156808786785197,-0.0256890998119704,0.0119919060266203));
#647=CARTESIAN_POINT('',(-0.0157262341220872,-0.0387295009864827,0.0105220990309904));
#648=CARTESIAN_POINT('',(-0.0156667596350322,-0.0335,0.0112678222106365));
#649=CARTESIAN_POINT('',(-0.0154399649228324,-0.0335,0.0120868652176339));
#650=CARTESIAN_POINT('',(-0.0148759042180789,-0.0335,0.0136679089404051));
#651=CARTESIAN_POINT('',(-0.0129989587731791,-0.0334999999999998,0.0165246621497887));
#652=CARTESIAN_POINT('',(-0.009741861679073,-0.0335000000000001,0.0193076270802321));
#653=CARTESIAN_POINT('',(-0.00506566824560883,-0.0335,0.0213565619300768));
#654=CARTESIAN_POINT('',(-0.000872834219294746,-0.0335,0.0219791905313861));
#655=CARTESIAN_POINT('',(0.00253169878460639,-0.0335,0.0217310418778111));
#656=CARTESIAN_POINT('',(0.00498796809523413,-0.0335,0.0212043042989473));
#657=CARTESIAN_POINT('',(0.00739656331765957,-0.0335,0.0203348658714696));
#658=CARTESIAN_POINT('',(0.00962621771490734,-0.0335,0.0191570341242028));
#659=CARTESIAN_POINT('',(0.0116679817189716,-0.0335,0.0176635724732642));
#660=CARTESIAN_POINT('',(0.013451844393387,-0.0335,0.0158301773075751));
#661=CARTESIAN_POINT('',(0.0148633021045088,-0.0335,0.0136958898295879));
#662=CARTESIAN_POINT('',(0.0154393331993523,-0.0335,0.0120891466602851));
#663=CARTESIAN_POINT('',(0.0156667763990036,-0.0335,0.0112677616602406));
#664=CARTESIAN_POINT('',(-0.015666760071744,-0.0335000002818126,0.0112678197126781));
#665=CARTESIAN_POINT('',(-0.0155325558712518,-4.02994378617466E-9,0.0151595034083077));
#666=CARTESIAN_POINT('',(-0.0155689825117515,-0.0111662675695351,0.0138620626575687));
#667=CARTESIAN_POINT('',(-0.015614962338763,-0.0223338315913905,0.0125519078813988));
#668=CARTESIAN_POINT('',(-0.0156667596376468,-0.0335000005636324,0.0112678221458197));
#669=CARTESIAN_POINT('',(-0.015532577473304,4.60785923306339E-19,0.0151594693315884));
#670=CARTESIAN_POINT('',(0.0155325774732396,-2.07353665487852E-18,0.0151594693316912));
#671=CARTESIAN_POINT('',(0.0147323646645478,-2.07353665487852E-18,0.016438353144491));
#672=CARTESIAN_POINT('',(0.0127162308085378,-1.14222898748233E-15,0.0186556770654145));
#673=CARTESIAN_POINT('',(0.00877912819199465,3.98749475928596E-15,0.0209348568556017));
#674=CARTESIAN_POINT('',(0.00448080312200907,-1.48089697771056E-14,0.0221914791172416));
#675=CARTESIAN_POINT('',(-5.74035272238263E-6,5.52495735833943E-14,0.0225928711612282));
#676=CARTESIAN_POINT('',(-0.00444814587481018,-1.48096039515464E-14,0.0221970359217497));
#677=CARTESIAN_POINT('',(-0.00877848935156617,3.98612832922837E-15,0.0209352705560545));
#678=CARTESIAN_POINT('',(-0.0126953760325169,-1.13930038416564E-15,0.0186724491980181));
#679=CARTESIAN_POINT('',(-0.014732228762675,2.16840434497101E-18,0.0164385703398196));
#680=CARTESIAN_POINT('',(-0.015532577473304,2.16840434497101E-18,0.0151594693315884));
#681=CARTESIAN_POINT('',(-0.0151563369497542,0.000148046267619705,0.0157752908332058));
#682=CARTESIAN_POINT('',(-0.0153275224096954,-0.0111417818067531,0.0142633372734882));
#683=CARTESIAN_POINT('',(-0.0154969329275613,-0.0224317191637439,0.012751972217651));
#684=CARTESIAN_POINT('',(-0.0156376604450501,-0.033729713827015,0.0112963615621334));
#685=CARTESIAN_POINT('',(-0.0152659665114536,0.000146612069453115,0.0155996777966958));
#686=CARTESIAN_POINT('',(-0.0154163767099488,-0.0111431005660326,0.0141171002877193));
#687=CARTESIAN_POINT('',(-0.0155650477319553,-0.0224329197097463,0.0126351304810935));
#688=CARTESIAN_POINT('',(-0.0156857216429466,-0.0337305208845729,0.0112083660975141));
#689=CARTESIAN_POINT('',(-0.0154733924152562,0.000153185541718501,0.0152723659655522));
#690=CARTESIAN_POINT('',(-0.0155908417979782,-0.0111364744409738,0.0138344197100033));
#691=CARTESIAN_POINT('',(-0.0157064489573713,-0.0224262277811086,0.0123970272921836));
#692=CARTESIAN_POINT('',(-0.0157920269758356,-0.0337236912302712,0.011016491830373));
#693=CARTESIAN_POINT('',(-0.0156798817171834,0.000143776717546294,0.0149380159919201));
#694=CARTESIAN_POINT('',(-0.0157536168897155,-0.0111455461776355,0.013563308410252));
#695=CARTESIAN_POINT('',(-0.0158257002878878,-0.0224349628988972,0.0121892559101217));
#696=CARTESIAN_POINT('',(-0.0158714530114136,-0.0337312472665723,0.0108690841953827));
#697=CARTESIAN_POINT('',(-0.015871124934356,0.000137275727811792,0.0146076054394349));
#698=CARTESIAN_POINT('',(-0.0159059435299141,-0.0111517705175493,0.0132929657077641));
#699=CARTESIAN_POINT('',(-0.0159392546299811,-0.0224409069811476,0.0119790356125228));
#700=CARTESIAN_POINT('',(-0.0159488464893806,-0.0337362377585893,0.0107166424786405));
#701=CARTESIAN_POINT('',(-0.0161240692588536,0.000127391424624991,0.014136311932428));
#702=CARTESIAN_POINT('',(-0.0161066158642211,-0.0111612616015441,0.012908925768264));
#703=CARTESIAN_POINT('',(-0.0160878787507244,-0.0224499985337288,0.0116823086096338));
#704=CARTESIAN_POINT('',(-0.0160493032291011,-0.0337439783674543,0.0105034242603328));
#705=CARTESIAN_POINT('',(-0.0164423295335858,0.000115659879938113,0.0134691947227743));
#706=CARTESIAN_POINT('',(-0.0163597430222328,-0.0111725042905168,0.0123646937263954));
#707=CARTESIAN_POINT('',(-0.0162761555417788,-0.0224607392548341,0.0112609785600056));
#708=CARTESIAN_POINT('',(-0.0161772816156522,-0.0337530589238328,0.0101997175852236));
#709=CARTESIAN_POINT('',(-0.0168544950336401,0.000100077777436162,0.0124348440966059));
#710=CARTESIAN_POINT('',(-0.0166875582188957,-0.0111874412481697,0.0115216874677493));
#711=CARTESIAN_POINT('',(-0.0165200046833995,-0.022475008488138,0.0106092489087733));
#712=CARTESIAN_POINT('',(-0.0163430297804539,-0.0337651578141889,0.00973088551118188));
#713=CARTESIAN_POINT('',(-0.0172976747308212,8.40280323646558E-5,0.0109267738783241));
#714=CARTESIAN_POINT('',(-0.0170408951680538,-0.0112028159199027,0.0102919926430214));
#715=CARTESIAN_POINT('',(-0.0167838901905345,-0.0224896784448771,0.00965770051619283));
#716=CARTESIAN_POINT('',(-0.0165232124172484,-0.0337775814340406,0.00904579862296503));
#717=CARTESIAN_POINT('',(-0.017644825995367,7.24912316731288E-5,0.00875338783371338));
#718=CARTESIAN_POINT('',(-0.0173186365248478,-0.0112138762886712,0.00851855308582349));
#719=CARTESIAN_POINT('',(-0.0169924588352342,-0.0225002420766979,0.00828384650122883));
#720=CARTESIAN_POINT('',(-0.0166663874577421,-0.0337865606683058,0.00805662359317021));
#721=CARTESIAN_POINT('',(-0.0176968232508866,7.36628035457775E-5,0.00594355443484095));
#722=CARTESIAN_POINT('',(-0.0173611314336037,-0.0112127033439756,0.00621177069407475));
#723=CARTESIAN_POINT('',(-0.0170254437764277,-0.0224990695613321,0.00647989543590403));
#724=CARTESIAN_POINT('',(-0.0166899108343358,-0.03378537777018,0.00674315015062089));
#725=CARTESIAN_POINT('',(-0.0173633362838471,8.55592473859343E-5,0.00268662927058005));
#726=CARTESIAN_POINT('',(-0.0170913115514147,-0.0112012020321929,0.00352702791610966));
#727=CARTESIAN_POINT('',(-0.0168192084017844,-0.0224879729066652,0.00436726578841292));
#728=CARTESIAN_POINT('',(-0.0165453804009467,-0.0337756178934537,0.00519330578216638));
#729=CARTESIAN_POINT('',(-0.0167022577332739,0.000104985655777178,-0.000546442868715183));
#730=CARTESIAN_POINT('',(-0.0165546537546641,-0.0111824314738943,0.00085619684177067));
#731=CARTESIAN_POINT('',(-0.0164068759058347,-0.0224698647369015,0.00225869108949993));
#732=CARTESIAN_POINT('',(-0.0162545997021019,-0.0337597576887813,0.00364021733132845));
#733=CARTESIAN_POINT('',(-0.0158907217959638,0.000125936892966473,-0.00335491897286334));
#734=CARTESIAN_POINT('',(-0.0158944440167572,-0.0111622134885107,-0.00146757485926908));
#735=CARTESIAN_POINT('',(-0.015897910145871,-0.0224503815737521,0.000419666885252708));
#736=CARTESIAN_POINT('',(-0.0158941136713199,-0.0337428058680622,0.00228119789258882));
#737=CARTESIAN_POINT('',(-0.0151951783953648,0.000145789016856991,-0.00532208014707421));
#738=CARTESIAN_POINT('',(-0.0153288406994124,-0.0111430077713364,-0.00309513710938507));
#739=CARTESIAN_POINT('',(-0.0154621781119591,-0.0224318196214506,-0.000868249449056421));
#740=CARTESIAN_POINT('',(-0.0155857841956938,-0.033726488532252,0.00132961096546257));
#741=CARTESIAN_POINT('',(-0.0146714042188227,0.000158787319368282,-0.00666112082793813));
#742=CARTESIAN_POINT('',(-0.0149022698247188,-0.0111304721535303,-0.00420467268154485));
#743=CARTESIAN_POINT('',(-0.0151327656700419,-0.022419744411465,-0.0017482472835517));
#744=CARTESIAN_POINT('',(-0.0153519091657051,-0.0337160214478225,0.00067717939383716));
#745=CARTESIAN_POINT('',(-0.0143952126587203,0.000167855113262667,-0.00731486789521484));
#746=CARTESIAN_POINT('',(-0.0146779179122191,-0.0111216778990155,-0.00474518169222353));
#747=CARTESIAN_POINT('',(-0.0149602236226657,-0.0224112211237908,-0.00217549547504961));
#748=CARTESIAN_POINT('',(-0.0152300852563424,-0.0337084529137563,0.00036197812082194));
#749=CARTESIAN_POINT('',(-0.0142438095734545,0.000164607266881797,-0.00767475546649743));
#750=CARTESIAN_POINT('',(-0.0145526298418466,-0.0111249706232958,-0.00504802588833435));
#751=CARTESIAN_POINT('',(-0.0148610577958758,-0.0224145607666357,-0.00242130197484355));
#752=CARTESIAN_POINT('',(-0.0151573408588311,-0.0337119414809406,0.000173558764129519));
#753=CARTESIAN_POINT('',(-0.0151853756475398,-0.0335,0.000212015516640718));
#754=CARTESIAN_POINT('',(-0.0155285503329055,-0.0335,0.00110210059156527));
#755=CARTESIAN_POINT('',(-0.0161299774544113,-0.0335,0.00290279312022281));
#756=CARTESIAN_POINT('',(-0.016669992977502,-0.0335,0.00568853639728745));
#757=CARTESIAN_POINT('',(-0.0167387885287198,-0.0335,0.00810567256877459));
#758=CARTESIAN_POINT('',(-0.016319836544721,-0.0335,0.0099970121097932));
#759=CARTESIAN_POINT('',(-0.0158971755213543,-0.0335,0.0108488143471379));
#760=CARTESIAN_POINT('',(-0.0156667605058413,-0.0335,0.0112678172795357));
#761=CARTESIAN_POINT('',(-0.0151853393739095,-0.0334999999996169,0.000211949154300767));
#762=CARTESIAN_POINT('',(-0.0144636356936161,-1.03480330151896E-8,-0.00712403765367462));
#763=CARTESIAN_POINT('',(-0.0147043505251511,-0.0111658914973669,-0.00467263289338535));
#764=CARTESIAN_POINT('',(-0.0149462117368425,-0.0223318930212637,-0.00221852212710481));
#765=CARTESIAN_POINT('',(-0.0151853754401594,-0.0334999903160657,0.000212013409106651));
#766=CARTESIAN_POINT('',(-0.0144636554177504,2.84603070277445E-19,-0.00712399245631803));
#767=CARTESIAN_POINT('',(-0.0155325774733041,1.70761842166467E-18,0.0151594693315885));
#768=CARTESIAN_POINT('',(-0.0160520664484353,1.70761842166467E-18,0.0143316278445247));
#769=CARTESIAN_POINT('',(-0.0168787966720813,-4.65832731257138E-18,0.0126021579900314));
#770=CARTESIAN_POINT('',(-0.0175551308921278,9.71761739615037E-18,0.00975605049161112));
#771=CARTESIAN_POINT('',(-0.0177124773202501,-4.32881989289839E-18,0.00686806282605476));
#772=CARTESIAN_POINT('',(-0.0174583276641747,1.3199459456952E-17,0.00302226312022155));
#773=CARTESIAN_POINT('',(-0.0164782220745746,-6.58627292764616E-18,-0.00171794674846545));
#774=CARTESIAN_POINT('',(-0.0152128861200258,3.03576608295941E-18,-0.00534101761206294));
#775=CARTESIAN_POINT('',(-0.0144636554177504,3.03576608295941E-18,-0.00712399245631802));
#776=CARTESIAN_POINT('',(-0.0146684734956005,0.000506039737256148,-0.00672421349558042));
#777=CARTESIAN_POINT('',(-0.0147628577874428,-0.00519373004804478,-0.00550008332180294));
#778=CARTESIAN_POINT('',(-0.0149561406725458,-0.0165944170630132,-0.00305731216107508));
#779=CARTESIAN_POINT('',(-0.0151609459518678,-0.0279967944214087,-0.000623092590082348));
#780=CARTESIAN_POINT('',(-0.0152667239217719,-0.0336982162438402,0.000592667145209446));
#781=CARTESIAN_POINT('',(-0.0145980054467821,0.000504179644819342,-0.00689052290979667));
#782=CARTESIAN_POINT('',(-0.0146975447286161,-0.00519562591531561,-0.005667305713398));
#783=CARTESIAN_POINT('',(-0.0149012845280624,-0.0165963086160636,-0.00322603515792674));
#784=CARTESIAN_POINT('',(-0.015116629679573,-0.0279985554459008,-0.000792781603249808));
#785=CARTESIAN_POINT('',(-0.0152276538279531,-0.0336998914880565,0.000422577754648931));
#786=CARTESIAN_POINT('',(-0.0144521784308469,0.000497496070651712,-0.00723598865998364));
#787=CARTESIAN_POINT('',(-0.0145627548579137,-0.00520226497063778,-0.00601384842188654));
#788=CARTESIAN_POINT('',(-0.0147878555047122,-0.0166032015219176,-0.00357635241107285));
#789=CARTESIAN_POINT('',(-0.0150241823018789,-0.0280062439996242,-0.00114952163095871));
#790=CARTESIAN_POINT('',(-0.0151458220041617,-0.033708055164427,6.22220303775494E-5));
#791=CARTESIAN_POINT('',(-0.0142245928372221,0.000499575491196224,-0.00776950591544823));
#792=CARTESIAN_POINT('',(-0.0143507672506071,-0.00520063908513868,-0.00655263494869482));
#793=CARTESIAN_POINT('',(-0.0146104454599688,-0.0166008092163079,-0.00411807216527424));
#794=CARTESIAN_POINT('',(-0.014883191027992,-0.0280003830116183,-0.00168172001601748));
#795=CARTESIAN_POINT('',(-0.0150224663014325,-0.03370005136197,-0.000463304924999471));
#796=CARTESIAN_POINT('',(-0.013929903559893,0.00049672994296175,-0.00843002272987133));
#797=CARTESIAN_POINT('',(-0.0140737585386777,-0.00520416111584402,-0.00722525060785924));
#798=CARTESIAN_POINT('',(-0.014371325916615,-0.0166047250499733,-0.00480692237389198));
#799=CARTESIAN_POINT('',(-0.0146836098721618,-0.028002829739274,-0.00237344834600573));
#800=CARTESIAN_POINT('',(-0.0148425196168083,-0.0337012587723133,-0.00115374242433413));
#801=CARTESIAN_POINT('',(-0.0135359703009367,0.000495451017152715,-0.0092744224762385));
#802=CARTESIAN_POINT('',(-0.0136995575605009,-0.005206745781051,-0.0080937534595185));
#803=CARTESIAN_POINT('',(-0.0140411092318352,-0.0166084383732552,-0.00570806642354491));
#804=CARTESIAN_POINT('',(-0.0144003725400472,-0.028004449601193,-0.00328085836209655));
#805=CARTESIAN_POINT('',(-0.0145826471665083,-0.0337008119182633,-0.00205867692425586));
#806=CARTESIAN_POINT('',(-0.0130143985483453,0.000491882061759552,-0.0103280658563096));
#807=CARTESIAN_POINT('',(-0.0131982843699916,-0.00521239102607629,-0.0091905268704417));
#808=CARTESIAN_POINT('',(-0.0135862231029623,-0.0166170196103822,-0.00686718291092716));
#809=CARTESIAN_POINT('',(-0.0139959437620863,-0.0280121374441795,-0.00446108342082565));
#810=CARTESIAN_POINT('',(-0.0142036845667337,-0.0337063743960493,-0.00324003473515828));
#811=CARTESIAN_POINT('',(-0.0122401293549479,0.000485689265431814,-0.0117808900851184));
#812=CARTESIAN_POINT('',(-0.0124443380066263,-0.00522208879408895,-0.0107248281406897));
#813=CARTESIAN_POINT('',(-0.0128822169478287,-0.0166327663119302,-0.00852201598441204));
#814=CARTESIAN_POINT('',(-0.0133484463707637,-0.0280281793486937,-0.00616215898007985));
#815=CARTESIAN_POINT('',(-0.0135851430041188,-0.0337194439709309,-0.00494678287017371));
#816=CARTESIAN_POINT('',(-0.0111257702800623,0.000472781256673138,-0.0136628828713388));
#817=CARTESIAN_POINT('',(-0.011342079247823,-0.00524016383038948,-0.0127509342560385));
#818=CARTESIAN_POINT('',(-0.011818354246655,-0.01666177588325,-0.0107658691881533));
#819=CARTESIAN_POINT('',(-0.0123329828397116,-0.0280602133005341,-0.00849777742425842));
#820=CARTESIAN_POINT('',(-0.0125954277667237,-0.0337475204450839,-0.00729802715091712));
#821=CARTESIAN_POINT('',(-0.00957215986611963,0.000447589306356083,-0.0159267281781896));
#822=CARTESIAN_POINT('',(-0.00977885448601343,-0.00527125286103234,-0.0152463008027784));
#823=CARTESIAN_POINT('',(-0.0102575195765888,-0.0167088669736919,-0.0136161383254768));
#824=CARTESIAN_POINT('',(-0.0107897849083172,-0.0281129633727551,-0.0115039478249163));
#825=CARTESIAN_POINT('',(-0.0110637621190507,-0.0337942010608589,-0.010333866947672));
#826=CARTESIAN_POINT('',(-0.00770780337943084,0.00040649193934598,-0.0181675746119583));
#827=CARTESIAN_POINT('',(-0.00787312758071024,-0.00531566496306612,-0.0177789206403198));
#828=CARTESIAN_POINT('',(-0.00829653451537513,-0.0167689350374693,-0.0166031097060927));
#829=CARTESIAN_POINT('',(-0.00879456142643872,-0.0281780743165391,-0.0146956662683968));
#830=CARTESIAN_POINT('',(-0.00905536699528429,-0.0338503629319409,-0.0135669568103117));
#831=CARTESIAN_POINT('',(-0.005674435722501,0.000350272107050521,-0.0200815458424086));
#832=CARTESIAN_POINT('',(-0.00576985328358526,-0.00536996780427893,-0.0199905321627173));
#833=CARTESIAN_POINT('',(-0.00607999331172313,-0.0168306544526301,-0.0192895269306693));
#834=CARTESIAN_POINT('',(-0.00649160240923675,-0.0282384424396411,-0.0176013106048445));
#835=CARTESIAN_POINT('',(-0.00671428360923564,-0.0338980135836495,-0.0165190456723214));
#836=CARTESIAN_POINT('',(-0.00376794599180731,0.000290243526322377,-0.0213878013580834));
#837=CARTESIAN_POINT('',(-0.00378884429732944,-0.00542393058377324,-0.0215215374907147));
#838=CARTESIAN_POINT('',(-0.00395680415700364,-0.0168782783327571,-0.0211940209596115));
#839=CARTESIAN_POINT('',(-0.00425115786342919,-0.0282739770196154,-0.019687771185767));
#840=CARTESIAN_POINT('',(-0.00442020699650851,-0.0339182869254653,-0.0186474163680311));
#841=CARTESIAN_POINT('',(-0.00216474140029332,0.00024145970568944,-0.0221034560562175));
#842=CARTESIAN_POINT('',(-0.00214205681838076,-0.00546710096959552,-0.0223578765184314));
#843=CARTESIAN_POINT('',(-0.00219190262145782,-0.0169057451453769,-0.0222383652273598));
#844=CARTESIAN_POINT('',(-0.00236528320116084,-0.0282807005146728,-0.0208488586582672));
#845=CARTESIAN_POINT('',(-0.00247482498464006,-0.0339104050824945,-0.0198408159534556));
#846=CARTESIAN_POINT('',(-0.000955698108771178,0.000214977626352671,-0.022395627314693));
#847=CARTESIAN_POINT('',(-0.000931048436384104,-0.00549099288536225,-0.022693233055532));
#848=CARTESIAN_POINT('',(-0.000929608673055328,-0.0169170587466897,-0.0226440782994025));
#849=CARTESIAN_POINT('',(-0.00100459235165408,-0.0282743847029729,-0.0213057084583938));
#850=CARTESIAN_POINT('',(-0.00105726478842003,-0.0338948796438157,-0.02031659725555));
#851=CARTESIAN_POINT('',(-4.55547567882846E-8,0.00020724192330966,-0.0224675146933994));
#852=CARTESIAN_POINT('',(-4.35837105496099E-8,-0.00549809143536517,-0.0227744057096221));
#853=CARTESIAN_POINT('',(-4.23980308063128E-8,-0.0169198841803475,-0.0227382515086611));
#854=CARTESIAN_POINT('',(-4.59099622366914E-8,-0.028270775154187,-0.0214124537297102));
#855=CARTESIAN_POINT('',(-4.86214930988769E-8,-0.033888307178604,-0.0204292578054573));
#856=CARTESIAN_POINT('',(0.000955596097049485,0.000214976077133893,-0.0223956430371188));
#857=CARTESIAN_POINT('',(0.000930946431784469,-0.00549099429834711,-0.0226932509466287));
#858=CARTESIAN_POINT('',(0.000929503129308848,-0.0169170593597682,-0.0226440994752364));
#859=CARTESIAN_POINT('',(0.00100447874231389,-0.028274384144018,-0.0213057323761725));
#860=CARTESIAN_POINT('',(0.00105714632646719,-0.0338948785185729,-0.0203166223324945));
#861=CARTESIAN_POINT('',(0.00216463761189563,0.000241457255542422,-0.0221034892233241));
#862=CARTESIAN_POINT('',(0.00214195098545334,-0.00546710314793362,-0.0223579149879556));
#863=CARTESIAN_POINT('',(0.00219179020690915,-0.0169057463801488,-0.0222384127871035));
#864=CARTESIAN_POINT('',(0.00236516295367877,-0.0282807004989029,-0.0208489117605919));
#865=CARTESIAN_POINT('',(0.00247470069382814,-0.0339104042912761,-0.0198408707562372));
#866=CARTESIAN_POINT('',(0.00376784260147323,0.000290240881585449,-0.0213878531132234));
#867=CARTESIAN_POINT('',(0.00378873703653424,-0.0054239329043779,-0.0215215979342342));
#868=CARTESIAN_POINT('',(0.0039566891051283,-0.016878280086739,-0.0211940961563625));
#869=CARTESIAN_POINT('',(0.00425103615361329,-0.0282739779716297,-0.0196878539857835));
#870=CARTESIAN_POINT('',(0.00442008219807359,-0.0339182871304457,-0.0186475010911251));
#871=CARTESIAN_POINT('',(0.00567434279955239,0.000350270036257834,-0.0200816114363032));
#872=CARTESIAN_POINT('',(0.00576975704241938,-0.00536996967686934,-0.0199906080234072));
#873=CARTESIAN_POINT('',(0.00607989134612337,-0.0168306562941982,-0.0192896195657317));
#874=CARTESIAN_POINT('',(0.00649149587839306,-0.028238443975957,-0.0176014113942938));
#875=CARTESIAN_POINT('',(0.00671417502284303,-0.0338980145513962,-0.0165191483879293));
#876=CARTESIAN_POINT('',(0.00770772695062636,0.000406490720086319,-0.0181676456399706));
#877=CARTESIAN_POINT('',(0.00787304907563749,-0.00531566616554865,-0.0177790011727828));
#878=CARTESIAN_POINT('',(0.0082964528596949,-0.016768936524447,-0.0166032054148583));
#879=CARTESIAN_POINT('',(0.00879447753489616,-0.0281780757762495,-0.0146957693182657));
#880=CARTESIAN_POINT('',(0.00905528216532095,-0.0338503640065558,-0.013567061600768));
#881=CARTESIAN_POINT('',(0.00957210200034912,0.000447588817245099,-0.0159267958921078));
#882=CARTESIAN_POINT('',(0.00977879582484101,-0.00527125344223726,-0.0152463758491672));
#883=CARTESIAN_POINT('',(0.0102574600579107,-0.0167088679072565,-0.0136162249707229));
#884=CARTESIAN_POINT('',(0.0107897251430883,-0.0281129643702667,-0.0115040401577025));
#885=CARTESIAN_POINT('',(0.0110637023488662,-0.0337942018164359,-0.0103339606730979));
#886=CARTESIAN_POINT('',(0.0111257291340666,0.00047278117799618,-0.0136629414505407));
#887=CARTESIAN_POINT('',(0.0113420381912431,-0.00524016401930135,-0.0127509977464243));
#888=CARTESIAN_POINT('',(0.0118183138350387,-0.0166617763490425,-0.0107659404338122));
#889=CARTESIAN_POINT('',(0.0123329434597451,-0.028060213821124,-0.00849785256744686));
#890=CARTESIAN_POINT('',(0.0125953889731732,-0.0337475208190248,-0.00729810329791278));
#891=CARTESIAN_POINT('',(0.0122401004786959,0.000485689362929045,-0.0117809378972311));
#892=CARTESIAN_POINT('',(0.0124443096395525,-0.00522208878369124,-0.0107248790349995));
#893=CARTESIAN_POINT('',(0.0128821899007252,-0.0166327664725958,-0.00852207172341049));
#894=CARTESIAN_POINT('',(0.0133484208886908,-0.0280281795134064,-0.00616221716306446));
#895=CARTESIAN_POINT('',(0.0135851183403901,-0.0337194440330142,-0.00494684169569829));
#896=CARTESIAN_POINT('',(0.0130143779795919,0.000491882147478808,-0.0103281041364535));
#897=CARTESIAN_POINT('',(0.0131982644567292,-0.00521239100039271,-0.00919056702598117));
#898=CARTESIAN_POINT('',(0.0135862046934064,-0.0166170196824949,-0.00686722601415844));
#899=CARTESIAN_POINT('',(0.0139959270098089,-0.0280121374978597,-0.00446112804084402));
#900=CARTESIAN_POINT('',(0.0142036686603799,-0.0337063743798229,-0.00324007977342377));
#901=CARTESIAN_POINT('',(0.0135359553188444,0.000495451140826337,-0.00927445283117552));
#902=CARTESIAN_POINT('',(0.0136995432223865,-0.00520674570159604,-0.00809378497097919));
#903=CARTESIAN_POINT('',(0.0140410963403251,-0.0166084383404893,-0.00570809969463124));
#904=CARTESIAN_POINT('',(0.0144003612117149,-0.0280044495092165,-0.00328089243247866));
#905=CARTESIAN_POINT('',(0.0145826366221325,-0.0337008117578604,-0.00205871117994948));
#906=CARTESIAN_POINT('',(0.0139298924024706,0.00049672991320935,-0.00843004701373179));
#907=CARTESIAN_POINT('',(0.0140737479854938,-0.00520416117593441,-0.00722527554733813));
#908=CARTESIAN_POINT('',(0.0143713166639713,-0.0166047251434134,-0.00480694833891175));
#909=CARTESIAN_POINT('',(0.0146836019946482,-0.0280028298037779,-0.00237347483831852));
#910=CARTESIAN_POINT('',(0.0148425124296097,-0.0337012588015285,-0.00115376906796879));
#911=CARTESIAN_POINT('',(0.0142245850831722,0.000499575729381292,-0.00776952360392864));
#912=CARTESIAN_POINT('',(0.0143507599460613,-0.00520063888134466,-0.006552653042661));
#913=CARTESIAN_POINT('',(0.0146104392245308,-0.0166008090058665,-0.00411809068561316));
#914=CARTESIAN_POINT('',(0.0148831859745979,-0.0280003826655768,-0.0016817383126802));
#915=CARTESIAN_POINT('',(0.015022461821364,-0.0337000509243193,-0.000463322994263205));
#916=CARTESIAN_POINT('',(0.0144521720129896,0.000497495763837402,-0.00723600395453415));
#917=CARTESIAN_POINT('',(0.0145627488946088,-0.00520226529631422,-0.00601386383690878));
#918=CARTESIAN_POINT('',(0.0147878504542324,-0.0166032018908635,-0.00357636810889729));
#919=CARTESIAN_POINT('',(0.0150241782000144,-0.0280062444113542,-0.00114953763847007));
#920=CARTESIAN_POINT('',(0.015145818387654,-0.0337080555945508,6.22058766584797E-5));
#921=CARTESIAN_POINT('',(0.0145980005089482,0.000504179519010468,-0.00689053454731913));
#922=CARTESIAN_POINT('',(0.0146975401173755,-0.00519562606340483,-0.00566731745737927));
#923=CARTESIAN_POINT('',(0.0149012806091702,-0.0165963087972378,-0.00322604706574347));
#924=CARTESIAN_POINT('',(0.0151166265052361,-0.0279985556327573,-0.000792793557492847));
#925=CARTESIAN_POINT('',(0.0152276510308187,-0.0336998916704232,0.000422565808600715));
#926=CARTESIAN_POINT('',(0.0146684691665222,0.000506039608380653,-0.00672422372848883));
#927=CARTESIAN_POINT('',(0.0147628537455254,-0.00519373019856812,-0.00550009362561424));
#928=CARTESIAN_POINT('',(0.0149561372369875,-0.0165944172488939,-0.00305732257583555));
#929=CARTESIAN_POINT('',(0.0151609431715657,-0.0279967946208838,-0.000623103027331172));
#930=CARTESIAN_POINT('',(0.0152667214752528,-0.0336982164437035,0.000592656723547184));
#931=CARTESIAN_POINT('',(0.0151853241093932,-0.0334999999999999,0.000211913308495822));
#932=CARTESIAN_POINT('',(0.0146805511141032,-0.0334999999999999,-0.00198624272083009));
#933=CARTESIAN_POINT('',(0.0135999834479421,-0.0335,-0.00515004592649127));
#934=CARTESIAN_POINT('',(0.011697299503737,-0.0335,-0.00917121516706421));
#935=CARTESIAN_POINT('',(0.010029107796771,-0.0335,-0.0120989318663734));
#936=CARTESIAN_POINT('',(0.00811011745036056,-0.0334999999999999,-0.01487552818734));
#937=CARTESIAN_POINT('',(0.00590478537229583,-0.0335,-0.0174187146578353));
#938=CARTESIAN_POINT('',(0.00370392479295067,-0.0335,-0.0192427036563014));
#939=CARTESIAN_POINT('',(0.00169455782899401,-0.0335,-0.0202336157219718));
#940=CARTESIAN_POINT('',(2.68616745119527E-6,-0.0335,-0.0205775211670003));
#941=CARTESIAN_POINT('',(-0.00169121643472784,-0.0335,-0.020236357317381));
#942=CARTESIAN_POINT('',(-0.00322396804808572,-0.0335,-0.0194782390303644));
#943=CARTESIAN_POINT('',(-0.0045977803284948,-0.0335,-0.0184997688158889));
#944=CARTESIAN_POINT('',(-0.00628632281340816,-0.0335,-0.0169814725643455));
#945=CARTESIAN_POINT('',(-0.00811305584245893,-0.0335,-0.0148710259895684));
#946=CARTESIAN_POINT('',(-0.0100394693677731,-0.0335,-0.0120828122155227));
#947=CARTESIAN_POINT('',(-0.01169943508704,-0.0335,-0.00916628837236456));
#948=CARTESIAN_POINT('',(-0.0136003027721649,-0.0335,-0.0051491605512521));
#949=CARTESIAN_POINT('',(-0.0146802714869069,-0.0335,-0.00198745946928716));
#950=CARTESIAN_POINT('',(-0.0151853272827327,-0.0335,0.000211927033664019));
#951=CARTESIAN_POINT('',(-0.0144636554177504,1.74827600313287E-18,-0.00712399245631801));
#952=CARTESIAN_POINT('',(-0.0137536845893584,1.74827600313287E-18,-0.00881706206756994));
#953=CARTESIAN_POINT('',(-0.012149082194247,-9.12560728711483E-18,-0.0120866723123601));
#954=CARTESIAN_POINT('',(-0.00966284906673587,1.80311652594649E-17,-0.0158575417705306));
#955=CARTESIAN_POINT('',(-0.00725271515843591,-2.72767255384869E-17,-0.0186224652528238));
#956=CARTESIAN_POINT('',(-0.00518376639319638,1.06366823787121E-16,-0.0204803163281402));
#957=CARTESIAN_POINT('',(-0.00281981135688059,-1.56230567849075E-17,-0.0219567828266209));
#958=CARTESIAN_POINT('',(-6.888610711855E-5,1.27131191007786E-16,-0.0226915490736164));
#959=CARTESIAN_POINT('',(0.00269659319933633,-1.09175453349303E-16,-0.0220147147547233));
#960=CARTESIAN_POINT('',(0.00507210821283134,3.5799380191806E-16,-0.0205649314909117));
#961=CARTESIAN_POINT('',(0.00715488964205487,-9.42597794935099E-17,-0.0187223864472317));
#962=CARTESIAN_POINT('',(0.00958131405506601,5.60005296097786E-17,-0.0159694570415128));
#963=CARTESIAN_POINT('',(0.0121246442845456,-2.38628450511227E-17,-0.0121393671344692));
#964=CARTESIAN_POINT('',(0.0137504194632891,6.23416249179165E-18,-0.00882484842860898));
#965=CARTESIAN_POINT('',(0.0144636554183125,6.23416249179165E-18,-0.00712399245494755));
#966=CARTESIAN_POINT('',(-0.0170137201643455,0.00064135,-0.00773885041036847));
#967=CARTESIAN_POINT('',(-0.0170183031312785,0.000427566666666666,-0.0076903457550154));
#968=CARTESIAN_POINT('',(-0.0170228860982115,0.000213783333333334,-0.00764184109966233));
#969=CARTESIAN_POINT('',(-0.0170274690651444,0.,-0.00759333644430925));
#970=CARTESIAN_POINT('',(-0.0172543486162812,-0.0105833333333333,-0.00519211588227597));
#971=CARTESIAN_POINT('',(-0.0174812281674179,-0.0211666666666666,-0.00279089532024267));
#972=CARTESIAN_POINT('',(-0.0179349872696914,-0.0423333333333333,0.00201154580382391));
#973=CARTESIAN_POINT('',(-0.0181618668208282,-0.0529166666666667,0.00441276636585719));
#974=CARTESIAN_POINT('',(-0.0183887463719649,-0.0635,0.00681398692789048));
#975=CARTESIAN_POINT('',(-0.0183932839629876,-0.0637116666666667,0.00686201133913115));
#976=CARTESIAN_POINT('',(-0.0183978215540104,-0.0639233333333333,0.00691003575037181));
#977=CARTESIAN_POINT('',(-0.0184023591450331,-0.064135,0.00695806016161248));
#978=CARTESIAN_POINT('',(-0.0184075138089144,-0.0643754514898055,0.00701261547450942));
#979=CARTESIAN_POINT('',(-0.0184126684727958,-0.0646159029796111,0.00706717078740635));
#980=CARTESIAN_POINT('',(-0.0184178231366771,-0.0648563544694166,0.00712172610030329));
#981=CARTESIAN_POINT('',(-0.0169361516642728,0.00064135,-0.00792177429020809));
#982=CARTESIAN_POINT('',(-0.0169409493675514,0.000427566666666666,-0.00787330224141422));
#983=CARTESIAN_POINT('',(-0.01694574707083,0.000213783333333334,-0.00782483019262035));
#984=CARTESIAN_POINT('',(-0.0169505447741085,0.,-0.00777635814382648));
#985=CARTESIAN_POINT('',(-0.0171880548374031,-0.0105833333333333,-0.0053767517678924));
#986=CARTESIAN_POINT('',(-0.0174255649006975,-0.0211666666666666,-0.0029771453919583));
#987=CARTESIAN_POINT('',(-0.0179005850272866,-0.0423333333333333,0.00182206735990987));
#988=CARTESIAN_POINT('',(-0.0181380950905812,-0.0529166666666667,0.00422167373584395));
#989=CARTESIAN_POINT('',(-0.0183756051538757,-0.0635,0.00662128011177804));
#990=CARTESIAN_POINT('',(-0.0183803553551416,-0.0637116666666667,0.00666927223929672));
#991=CARTESIAN_POINT('',(-0.0183851055564075,-0.0639233333333333,0.0067172643668154));
#992=CARTESIAN_POINT('',(-0.0183898557576734,-0.064135,0.00676525649433409));
#993=CARTESIAN_POINT('',(-0.0183952519449392,-0.0643754514898055,0.00681977513320403));
#994=CARTESIAN_POINT('',(-0.018400648132205,-0.0646159029796111,0.00687429377207397));
#995=CARTESIAN_POINT('',(-0.0184060443194708,-0.0648563544694166,0.00692881241094391));
#996=CARTESIAN_POINT('',(-0.0168585831642001,0.00064135,-0.0081046981700477));
#997=CARTESIAN_POINT('',(-0.0168635956038243,0.000427566666666666,-0.00805625872781304));
#998=CARTESIAN_POINT('',(-0.0168686080434484,0.000213783333333334,-0.00800781928557837));
#999=CARTESIAN_POINT('',(-0.0168736204830725,0.,-0.00795937984334371));
#1000=CARTESIAN_POINT('',(-0.0171217610585249,-0.0105833333333333,-0.00556138765350882));
#1001=CARTESIAN_POINT('',(-0.0173699016339772,-0.0211666666666666,-0.00316339546367394));
#1002=CARTESIAN_POINT('',(-0.0178661827848818,-0.0423333333333333,0.00163258891599583));
#1003=CARTESIAN_POINT('',(-0.0181143233603342,-0.0529166666666667,0.00403058110583071));
#1004=CARTESIAN_POINT('',(-0.0183624639357865,-0.0635,0.0064285732956656));
#1005=CARTESIAN_POINT('',(-0.0183674267472956,-0.0637116666666667,0.0064765331394623));
#1006=CARTESIAN_POINT('',(-0.0183723895588046,-0.0639233333333333,0.00652449298325899));
#1007=CARTESIAN_POINT('',(-0.0183773523703136,-0.064135,0.00657245282705569));
#1008=CARTESIAN_POINT('',(-0.018382990080964,-0.0643754514898055,0.00662693479189864));
#1009=CARTESIAN_POINT('',(-0.0183886277916142,-0.0646159029796111,0.00668141675674158));
#1010=CARTESIAN_POINT('',(-0.0183942655022644,-0.0648563544694166,0.00673589872158453));
#1011=CARTESIAN_POINT('',(-0.0167810146641275,0.00064135,-0.00828762204988732));
#1012=CARTESIAN_POINT('',(-0.0167862418400972,0.000427566666666666,-0.00823921521421186));
#1013=CARTESIAN_POINT('',(-0.0167914690160669,0.000213783333333334,-0.0081908083785364));
#1014=CARTESIAN_POINT('',(-0.0167966961920367,0.,-0.00814240154286094));
#1015=CARTESIAN_POINT('',(-0.0170554672796467,-0.0105833333333333,-0.00574602353912525));
#1016=CARTESIAN_POINT('',(-0.0173142383672569,-0.0211666666666666,-0.00334964553538957));
#1017=CARTESIAN_POINT('',(-0.0178317805424771,-0.0423333333333333,0.00144311047208179));
#1018=CARTESIAN_POINT('',(-0.0180905516300872,-0.0529166666666667,0.00383948847581748));
#1019=CARTESIAN_POINT('',(-0.0183493227176973,-0.0635,0.00623586647955316));
#1020=CARTESIAN_POINT('',(-0.0183544981394495,-0.0637116666666667,0.00628379403962787));
#1021=CARTESIAN_POINT('',(-0.0183596735612018,-0.0639233333333333,0.00633172159970258));
#1022=CARTESIAN_POINT('',(-0.018364848982954,-0.064135,0.0063796491597773));
#1023=CARTESIAN_POINT('',(-0.0183707282169887,-0.0643754514898055,0.00643409445059325));
#1024=CARTESIAN_POINT('',(-0.0183766074510234,-0.0646159029796111,0.00648853974140919));
#1025=CARTESIAN_POINT('',(-0.0183824866850582,-0.0648563544694166,0.00654298503222514));
#1026=CARTESIAN_POINT('',(-0.0129409774476142,0.00064135,-0.0173432890502158));
#1027=CARTESIAN_POINT('',(-0.0129568351702365,0.000427566666666666,-0.0172964964058774));
#1028=CARTESIAN_POINT('',(-0.0129726928928588,0.000213783333333334,-0.0172497037615389));
#1029=CARTESIAN_POINT('',(-0.0129885506154811,0.,-0.0172029111172005));
#1030=CARTESIAN_POINT('',(-0.0137735863888624,-0.0105833333333333,-0.0148864435756951));
#1031=CARTESIAN_POINT('',(-0.0145586221622438,-0.0211666666666666,-0.0125699760341897));
#1032=CARTESIAN_POINT('',(-0.0161286937090065,-0.0423333333333333,-0.00793704095117889));
#1033=CARTESIAN_POINT('',(-0.016913729482388,-0.0529166666666667,-0.00562057340967347));
#1034=CARTESIAN_POINT('',(-0.0176987652557693,-0.0635,-0.00330410586816806));
#1035=CARTESIAN_POINT('',(-0.017714465971237,-0.0637116666666667,-0.00325777651733795));
#1036=CARTESIAN_POINT('',(-0.0177301666867045,-0.0639233333333333,-0.00321144716650783));
#1037=CARTESIAN_POINT('',(-0.0177458674021722,-0.064135,-0.00316511781567773));
#1038=CARTESIAN_POINT('',(-0.0177637032781967,-0.0643754514898055,-0.00311248807664392));
#1039=CARTESIAN_POINT('',(-0.0177815391542213,-0.0646159029796111,-0.00305985833761011));
#1040=CARTESIAN_POINT('',(-0.017799375030246,-0.0648563544694166,-0.00300722859857631));
#1041=CARTESIAN_POINT('',(-0.00647050723425528,0.000653658063103661,-0.0249665471185797));
#1042=CARTESIAN_POINT('',(-0.00647843612749573,0.000435772042069107,-0.0249776980790531));
#1043=CARTESIAN_POINT('',(-0.00648636502073618,0.000217886021034551,-0.0249888490395265));
#1044=CARTESIAN_POINT('',(-0.00649429391397663,-3.46944695195361E-18,-0.025));
#1045=CARTESIAN_POINT('',(-0.00688681338132567,-0.010786436684879,-0.0255520277462076));
#1046=CARTESIAN_POINT('',(-0.0072793328486747,-0.0216306872608784,-0.0249609939506305));
#1047=CARTESIAN_POINT('',(-0.00806437178337276,-0.0429554743086775,-0.0215190313621677));
#1048=CARTESIAN_POINT('',(-0.00845689125072179,-0.0534349893971958,-0.0186682674273429));
#1049=CARTESIAN_POINT('',(-0.00884941071807082,-0.0635,-0.0147506772809745));
#1050=CARTESIAN_POINT('',(-0.0088572611074178,-0.0637013002120561,-0.0146723254780472));
#1051=CARTESIAN_POINT('',(-0.00886511149676478,-0.0639026004241122,-0.0145939736751198));
#1052=CARTESIAN_POINT('',(-0.00887296188611176,-0.0641039006361682,-0.0145156218721924));
#1053=CARTESIAN_POINT('',(-0.00888187986003634,-0.0643325759238236,-0.0144266149064783));
#1054=CARTESIAN_POINT('',(-0.00889079783396091,-0.064561251211479,-0.0143376079407641));
#1055=CARTESIAN_POINT('',(-0.00889971580788548,-0.0647899264991343,-0.0142486009750499));
#1056=CARTESIAN_POINT('',(0.00647046524228314,0.000653658063103661,-0.0249665471185798));
#1057=CARTESIAN_POINT('',(0.00647839408406706,0.000435772042069107,-0.0249776980790532));
#1058=CARTESIAN_POINT('',(0.00648632292585097,0.000217886021034551,-0.0249888490395266));
#1059=CARTESIAN_POINT('',(0.00649425176763489,-3.46944695195361E-18,-0.025));
#1060=CARTESIAN_POINT('',(0.00688676868763085,-0.010786436684879,-0.0255520277462076));
#1061=CARTESIAN_POINT('',(0.00727928560762681,-0.0216306872608784,-0.0249609939506305));
#1062=CARTESIAN_POINT('',(0.00806431944761874,-0.0429554743086775,-0.0215190313621677));
#1063=CARTESIAN_POINT('',(0.0084568363676147,-0.0534349893971958,-0.0186682674273429));
#1064=CARTESIAN_POINT('',(0.00884935328761066,-0.0635,-0.0147506772809745));
#1065=CARTESIAN_POINT('',(0.00885720362601058,-0.0637013002120561,-0.0146723254780471));
#1066=CARTESIAN_POINT('',(0.0088650539644105,-0.0639026004241122,-0.0145939736751198));
#1067=CARTESIAN_POINT('',(0.00887290430281042,-0.0641039006361682,-0.0145156218721924));
#1068=CARTESIAN_POINT('',(0.00888182221885957,-0.0643325759238236,-0.0144266149064782));
#1069=CARTESIAN_POINT('',(0.00889074013490873,-0.064561251211479,-0.014337607940764));
#1070=CARTESIAN_POINT('',(0.00889965805095789,-0.0647899264991343,-0.0142486009750498));
#1071=CARTESIAN_POINT('',(0.0129409675053452,0.00064135,-0.0173433123940101));
#1072=CARTESIAN_POINT('',(0.0129568252527714,0.000427566666666666,-0.017296519794422));
#1073=CARTESIAN_POINT('',(0.0129726830001977,0.000213783333333333,-0.017249727194834));
#1074=CARTESIAN_POINT('',(0.0129885407476239,0.,-0.0172029345952459));
#1075=CARTESIAN_POINT('',(0.0137735777489219,-0.0105833333333333,-0.014886469269104));
#1076=CARTESIAN_POINT('',(0.0145586147502199,-0.0211666666666666,-0.0125700039429621));
#1077=CARTESIAN_POINT('',(0.0161286887528159,-0.0423333333333333,-0.00793707329067836));
#1078=CARTESIAN_POINT('',(0.016913725754114,-0.0529166666666667,-0.00562060796453648));
#1079=CARTESIAN_POINT('',(0.017698762755412,-0.0635,-0.00330414263839459));
#1080=CARTESIAN_POINT('',(0.0177144634954379,-0.0637116666666667,-0.00325781333187176));
#1081=CARTESIAN_POINT('',(0.0177301642354639,-0.0639233333333333,-0.00321148402534892));
#1082=CARTESIAN_POINT('',(0.0177458649754899,-0.064135,-0.00316515471882608));
#1083=CARTESIAN_POINT('',(0.0177637008794125,-0.0643754514898055,-0.00311252503012495));
#1084=CARTESIAN_POINT('',(0.0177815367833352,-0.0646159029796111,-0.00305989534142381));
#1085=CARTESIAN_POINT('',(0.0177993726872578,-0.0648563544694166,-0.00300726565272268));
#1086=CARTESIAN_POINT('',(0.0167810146641188,0.00064135,-0.00828762205001468));
#1087=CARTESIAN_POINT('',(0.0167862418400914,0.000427566666666666,-0.00823921521429678));
#1088=CARTESIAN_POINT('',(0.016791469016064,0.000213783333333333,-0.00819080837857888));
#1089=CARTESIAN_POINT('',(0.0167966961920367,0.,-0.00814240154286099));
#1090=CARTESIAN_POINT('',(0.01705546727979,-0.0105833333333333,-0.00574602353702443));
#1091=CARTESIAN_POINT('',(0.0173142383675434,-0.0211666666666666,-0.00334964553118788));
#1092=CARTESIAN_POINT('',(0.0178317805430502,-0.0423333333333333,0.00144311048048523));
#1093=CARTESIAN_POINT('',(0.0180905516308035,-0.0529166666666667,0.00383948848632178));
#1094=CARTESIAN_POINT('',(0.0183493227185569,-0.0635,0.00623586649215833));
#1095=CARTESIAN_POINT('',(0.0183544981403119,-0.0637116666666667,0.00628379405227506));
#1096=CARTESIAN_POINT('',(0.0183596735620671,-0.0639233333333333,0.0063317216123918));
#1097=CARTESIAN_POINT('',(0.0183648489838221,-0.064135,0.00637964917250853));
#1098=CARTESIAN_POINT('',(0.0183707282178601,-0.0643754514898055,0.00643409446337221));
#1099=CARTESIAN_POINT('',(0.0183766074518981,-0.0646159029796111,0.00648853975423589));
#1100=CARTESIAN_POINT('',(0.0183824866859362,-0.0648563544694166,0.00654298504509957));
#1101=CARTESIAN_POINT('',(0.0168578158565053,0.00064135,-0.00810650765543933));
#1102=CARTESIAN_POINT('',(0.0168628304203589,0.000427566666666666,-0.00805806853489407));
#1103=CARTESIAN_POINT('',(0.0168678449842126,0.000213783333333333,-0.00800962941434882));
#1104=CARTESIAN_POINT('',(0.0168728595480662,0.,-0.00796119029380356));
#1105=CARTESIAN_POINT('',(0.0171211052833951,-0.0105833333333333,-0.00556321402918695));
#1106=CARTESIAN_POINT('',(0.0173693510187241,-0.0211666666666666,-0.00316523776457033));
#1107=CARTESIAN_POINT('',(0.017865842489382,-0.0423333333333333,0.0016307147646629));
#1108=CARTESIAN_POINT('',(0.0181140882247109,-0.0529166666666667,0.00402869102927951));
#1109=CARTESIAN_POINT('',(0.0183623339600398,-0.0635,0.00642666729389612));
#1110=CARTESIAN_POINT('',(0.0183672988747463,-0.0637116666666667,0.00647462681918845));
#1111=CARTESIAN_POINT('',(0.0183722637894529,-0.0639233333333333,0.00652258634448079));
#1112=CARTESIAN_POINT('',(0.0183772287041595,-0.064135,0.00657054586977312));
#1113=CARTESIAN_POINT('',(0.0183828688040239,-0.0643754514898055,0.00662502747279788));
#1114=CARTESIAN_POINT('',(0.0183885089038883,-0.0646159029796111,0.00667950907582264));
#1115=CARTESIAN_POINT('',(0.0183941490037526,-0.0648563544694166,0.0067339906788474));
#1116=CARTESIAN_POINT('',(0.0169346170488918,0.00064135,-0.00792539326086397));
#1117=CARTESIAN_POINT('',(0.0169394190006266,0.000427566666666666,-0.00787692185549136));
#1118=CARTESIAN_POINT('',(0.0169442209523612,0.000213783333333333,-0.00782845045011875));
#1119=CARTESIAN_POINT('',(0.0169490229040958,0.,-0.00777997904474613));
#1120=CARTESIAN_POINT('',(0.0171867432870004,-0.0105833333333333,-0.00538040452134946));
#1121=CARTESIAN_POINT('',(0.0174244636699048,-0.0211666666666666,-0.00298082999795279));
#1122=CARTESIAN_POINT('',(0.0178999044357137,-0.0423333333333333,0.00181831904884056));
#1123=CARTESIAN_POINT('',(0.0181376248186182,-0.0529166666666667,0.00421789357223723));
#1124=CARTESIAN_POINT('',(0.0183753452015227,-0.0635,0.00661746809563391));
#1125=CARTESIAN_POINT('',(0.0183800996091808,-0.0637116666666667,0.00666545958610184));
#1126=CARTESIAN_POINT('',(0.0183848540168388,-0.0639233333333333,0.00671345107656977));
#1127=CARTESIAN_POINT('',(0.0183896084244969,-0.064135,0.00676144256703771));
#1128=CARTESIAN_POINT('',(0.0183950093901876,-0.0643754514898055,0.00681596048222355));
#1129=CARTESIAN_POINT('',(0.0184004103558784,-0.0646159029796111,0.00687047839740939));
#1130=CARTESIAN_POINT('',(0.0184058113215691,-0.0648563544694166,0.00692499631259522));
#1131=CARTESIAN_POINT('',(0.0170114182412784,0.00064135,-0.00774427886628862));
#1132=CARTESIAN_POINT('',(0.0170160075808941,0.000427566666666666,-0.00769577517608865));
#1133=CARTESIAN_POINT('',(0.0170205969205098,0.000213783333333333,-0.00764727148588868));
#1134=CARTESIAN_POINT('',(0.0170251862601255,0.,-0.00759876779568871));
#1135=CARTESIAN_POINT('',(0.0172523812906055,-0.0105833333333333,-0.00519759501351197));
#1136=CARTESIAN_POINT('',(0.0174795763210855,-0.0211666666666666,-0.00279642223133524));
#1137=CARTESIAN_POINT('',(0.0179339663820456,-0.0423333333333333,0.00200592333301823));
#1138=CARTESIAN_POINT('',(0.0181611614125256,-0.0529166666666667,0.00440709611519496));
#1139=CARTESIAN_POINT('',(0.0183883564430056,-0.0635,0.00680826889737169));
#1140=CARTESIAN_POINT('',(0.0183929003436152,-0.0637116666666667,0.00685629235301523));
#1141=CARTESIAN_POINT('',(0.0183974442442248,-0.0639233333333333,0.00690431580865876));
#1142=CARTESIAN_POINT('',(0.0184019881448344,-0.064135,0.0069523392643023));
#1143=CARTESIAN_POINT('',(0.0184071499763514,-0.0643754514898055,0.00700689349164922));
#1144=CARTESIAN_POINT('',(0.0184123118078684,-0.0646159029796111,0.00706144771899613));
#1145=CARTESIAN_POINT('',(0.0184174736393855,-0.0648563544694166,0.00711600194634305));
#1146=CARTESIAN_POINT('',(0.02,0.,0.01));
#1147=CARTESIAN_POINT('',(0.0185834070807352,0.,0.0202673710197289));
#1148=CARTESIAN_POINT('',(-1.33471441202133E-17,0.,0.0297326289802711));
#1149=CARTESIAN_POINT('',(-0.0303822299638942,0.,0.0142577678433757));
#1150=CARTESIAN_POINT('',(3.60023415853947E-18,0.,-0.0469622516892452));
#1151=CARTESIAN_POINT('',(0.0217988228831591,0.,-0.00303774831075479));
#1152=CARTESIAN_POINT('',(0.02,0.,0.01));
#1153=CARTESIAN_POINT('',(-0.0167966961920367,0.,-0.00814240154286094));
#1154=CARTESIAN_POINT('',(0.0167966961920367,9.91270557701033E-19,-0.00814240154286099));
#1155=CARTESIAN_POINT('',(0.0175730094555311,-0.03175,-0.000953267525351327));
#1156=CARTESIAN_POINT('',(0.0183493227187577,-0.0634999999999991,0.00623586649215814));
#1157=CARTESIAN_POINT('',(2.53699740565418E-17,-0.0635,-0.0147506772809745));
#1158=CARTESIAN_POINT('',(0.00884938200474295,-0.0635,-0.0147506772809745));
#1159=CARTESIAN_POINT('',(0.0176987640094858,-0.0635,-0.00330412424827416));
#1160=CARTESIAN_POINT('',(0.0183493227185569,-0.0635,0.00623586649215833));
#1161=CARTESIAN_POINT('',(1.58652712553033E-17,-0.0635,-0.0147506772809745));
#1162=CARTESIAN_POINT('',(-0.0183493227176973,-0.0635,0.00623586647955316));
#1163=CARTESIAN_POINT('',(-0.0176987640016908,-0.0635,-0.00330412425835705));
#1164=CARTESIAN_POINT('',(-0.00884938200084536,-0.0635,-0.0147506772809746));
#1165=CARTESIAN_POINT('',(2.1737617928648E-17,-0.0635,-0.0147506772809745));
#1166=CARTESIAN_POINT('',(-0.0183493227182665,-0.0634999999999975,0.00623586647955259));
#1167=CARTESIAN_POINT('',(-0.0175730094555311,-0.03175,-0.000953267531653889));
#1168=CARTESIAN_POINT('',(-0.0170092792360346,0.,0.0175928545238456));
#1169=CARTESIAN_POINT('',(-0.0183493227190255,-0.0635,0.00854349681375669));
#1170=CARTESIAN_POINT('',(-0.0183627231538553,-0.064135,0.0084530032366558));
#1171=CARTESIAN_POINT('',(-0.0172327279393728,0.,0.01723687923536));
#1172=CARTESIAN_POINT('',(-0.0183493227190255,-0.0635,0.00849876837574596));
#1173=CARTESIAN_POINT('',(-0.018360488666822,-0.064135,0.00841138726714982));
#1174=CARTESIAN_POINT('',(-0.017456176642711,0.,0.0168809039468745));
#1175=CARTESIAN_POINT('',(-0.0183493227190255,-0.0635,0.00845403993773523));
#1176=CARTESIAN_POINT('',(-0.0183582541797886,-0.064135,0.00836977129764384));
#1177=CARTESIAN_POINT('',(-0.0176796253460492,0.,0.0165249286583889));
#1178=CARTESIAN_POINT('',(-0.0183493227190255,-0.0635,0.0084093114997245));
#1179=CARTESIAN_POINT('',(-0.0183560196927552,-0.064135,0.00832815532813785));
#1180=CARTESIAN_POINT('',(-0.0185844439453066,0.,0.0150834655526025));
#1181=CARTESIAN_POINT('',(-0.0183493227190255,-0.0635,0.00822819108137689));
#1182=CARTESIAN_POINT('',(-0.0183469715067626,-0.064135,0.00815963833666463));
#1183=CARTESIAN_POINT('',(-0.0192760812272217,0.,0.0134509628527737));
#1184=CARTESIAN_POINT('',(-0.0183493227190255,-0.0635,0.00804707066302927));
#1185=CARTESIAN_POINT('',(-0.0183400551339435,-0.064135,0.00799303174113183));
#1186=CARTESIAN_POINT('',(-0.0199138221800772,0.,0.0107075068826021));
#1187=CARTESIAN_POINT('',(-0.0183493227190255,-0.0635,0.00777539003550786));
#1188=CARTESIAN_POINT('',(-0.018333677724415,-0.064135,0.00774606886703691));
#1189=CARTESIAN_POINT('',(-0.0200585410916746,0.,0.00974250258630859));
#1190=CARTESIAN_POINT('',(-0.0183493227190255,-0.0635,0.00768482982633405));
#1191=CARTESIAN_POINT('',(-0.0183322305352989,-0.064135,0.00766425309873431));
#1192=CARTESIAN_POINT('',(-0.0202082333260793,0.,0.00772059605008254));
#1193=CARTESIAN_POINT('',(-0.0183493227190255,-0.0635,0.00750370940798644));
#1194=CARTESIAN_POINT('',(-0.0183307336129549,-0.064135,0.00750154054156548));
#1195=CARTESIAN_POINT('',(-0.0202148771184894,0.,0.00666557908760707));
#1196=CARTESIAN_POINT('',(-0.0183493227190255,-0.0635,0.00741314919881263));
#1197=CARTESIAN_POINT('',(-0.0183306671750308,-0.064135,0.00742062489992469));
#1198=CARTESIAN_POINT('',(-0.0199333161199605,0.,0.00123398081293032));
#1199=CARTESIAN_POINT('',(-0.0183493227190255,-0.0635,0.0069603481529436));
#1200=CARTESIAN_POINT('',(-0.0183334827850161,-0.064135,0.00701761182634374));
#1201=CARTESIAN_POINT('',(-0.0187007714472833,0.,-0.00361214088616904));
#1202=CARTESIAN_POINT('',(-0.0183493227190255,-0.0635,0.00659810731624838));
#1203=CARTESIAN_POINT('',(-0.0183458082317428,-0.064135,0.00670020979827255));
#1204=CARTESIAN_POINT('',(-0.0167966961920367,0.,-0.00814240154286094));
#1205=CARTESIAN_POINT('',(-0.0183493227190255,-0.0635,0.00623586647955316));
#1206=CARTESIAN_POINT('',(-0.0183648489842953,-0.064135,0.0063796491597773));
#1207=CARTESIAN_POINT('',(-0.0166427859663219,0.,-0.00850859160719621));
#1208=CARTESIAN_POINT('',(-0.0183493227190255,-0.0635,0.00620658582544811));
#1209=CARTESIAN_POINT('',(-0.0183663880865525,-0.064135,0.00635373759977456));
#1210=CARTESIAN_POINT('',(-0.0164888757406072,0.,-0.00887478167153149));
#1211=CARTESIAN_POINT('',(-0.0183493227190255,-0.0635,0.00617730517134307));
#1212=CARTESIAN_POINT('',(-0.0183679271888097,-0.064135,0.00632782603977181));
#1213=CARTESIAN_POINT('',(-0.0163349655148925,0.,-0.00924097173586676));
#1214=CARTESIAN_POINT('',(-0.0183493227190255,-0.0635,0.00614802451723802));
#1215=CARTESIAN_POINT('',(-0.0183694662910668,-0.064135,0.00630191447976907));
#1216=CARTESIAN_POINT('',(-0.0183493227190255,-0.0635,0.00732258899937695));
#1217=CARTESIAN_POINT('',(-0.0183493227190255,-0.0635,0.0084093114997245));
#1218=CARTESIAN_POINT('',(-0.0180144740325373,-0.03175,0.0124671200790567));
#1219=CARTESIAN_POINT('',(-0.0176796253460496,-1.38777878078145E-17,0.0165249286583881));
#1220=CARTESIAN_POINT('',(0.02,0.,0.01));
#1221=CARTESIAN_POINT('',(0.0185834070807352,0.,0.0202673710197289));
#1222=CARTESIAN_POINT('',(-1.33471441202133E-17,0.,0.0297326289802711));
#1223=CARTESIAN_POINT('',(-0.0303822299638942,0.,0.0142577678433757));
#1224=CARTESIAN_POINT('',(3.60023415853947E-18,0.,-0.0469622516892452));
#1225=CARTESIAN_POINT('',(0.0217988228831591,0.,-0.00303774831075479));
#1226=CARTESIAN_POINT('',(0.02,0.,0.01));
#1227=CARTESIAN_POINT('',(0.0178918215490166,0.00064135,0.0162628057560444));
#1228=CARTESIAN_POINT('',(0.0178934749831269,0.000427566666666666,0.0162348629863377));
#1229=CARTESIAN_POINT('',(0.0178951284172371,0.000213783333333334,0.016206920216631));
#1230=CARTESIAN_POINT('',(0.0178967818513473,0.,0.0161789774469243));
#1231=CARTESIAN_POINT('',(0.0180604881988954,-0.0211666666666666,0.0134123665848768));
#1232=CARTESIAN_POINT('',(0.0182241945464434,-0.0423333333333333,0.0106457557228292));
#1233=CARTESIAN_POINT('',(0.0183879008939915,-0.0635,0.00787914486078156));
#1234=CARTESIAN_POINT('',(0.018389537957467,-0.0637116666666667,0.00785147875216108));
#1235=CARTESIAN_POINT('',(0.0183911750209425,-0.0639233333333333,0.00782381264354061));
#1236=CARTESIAN_POINT('',(0.0183928120844179,-0.064135,0.00779614653492013));
#1237=CARTESIAN_POINT('',(0.0178188348335382,0.00064135,0.0163775026345937));
#1238=CARTESIAN_POINT('',(0.0178206886722191,0.000427566666666666,0.0163497665955334));
#1239=CARTESIAN_POINT('',(0.0178225425109001,0.000213783333333334,0.0163220305564732));
#1240=CARTESIAN_POINT('',(0.0178243963495811,0.,0.0162942945174129));
#1241=CARTESIAN_POINT('',(0.0180079447338327,-0.0211666666666666,0.0135481520361961));
#1242=CARTESIAN_POINT('',(0.0181914931180845,-0.0423333333333333,0.0108020095549793));
#1243=CARTESIAN_POINT('',(0.0183750415023362,-0.0635,0.00805586707376254));
#1244=CARTESIAN_POINT('',(0.0183768769861787,-0.0637116666666667,0.00802840564895037));
#1245=CARTESIAN_POINT('',(0.0183787124700211,-0.0639233333333333,0.0080009442241382));
#1246=CARTESIAN_POINT('',(0.0183805479538637,-0.064135,0.00797348279932604));
#1247=CARTESIAN_POINT('',(0.0177458481180599,0.00064135,0.016492199513143));
#1248=CARTESIAN_POINT('',(0.0177479023613115,0.000427566666666666,0.0164646702047292));
#1249=CARTESIAN_POINT('',(0.0177499566045631,0.000213783333333334,0.0164371408963153));
#1250=CARTESIAN_POINT('',(0.0177520108478148,0.,0.0164096115879014));
#1251=CARTESIAN_POINT('',(0.0179554012687701,-0.0211666666666666,0.0136839374875154));
#1252=CARTESIAN_POINT('',(0.0181587916897255,-0.0423333333333333,0.0109582633871295));
#1253=CARTESIAN_POINT('',(0.0183621821106808,-0.0635,0.00823258928674352));
#1254=CARTESIAN_POINT('',(0.0183642160148903,-0.0637116666666667,0.00820533254573966));
#1255=CARTESIAN_POINT('',(0.0183662499190999,-0.0639233333333333,0.0081780758047358));
#1256=CARTESIAN_POINT('',(0.0183682838233095,-0.064135,0.00815081906373194));
#1257=CARTESIAN_POINT('',(0.0176728614025814,0.00064135,0.0166068963916924));
#1258=CARTESIAN_POINT('',(0.0176751160504038,0.000427566666666666,0.0165795738139249));
#1259=CARTESIAN_POINT('',(0.0176773706982261,0.000213783333333334,0.0165522512361573));
#1260=CARTESIAN_POINT('',(0.0176796253460485,0.,0.0165249286583899));
#1261=CARTESIAN_POINT('',(0.0179028578037075,-0.0211666666666666,0.0138197229388347));
#1262=CARTESIAN_POINT('',(0.0181260902613665,-0.0423333333333333,0.0111145172192796));
#1263=CARTESIAN_POINT('',(0.0183493227190255,-0.0635,0.0084093114997245));
#1264=CARTESIAN_POINT('',(0.018351555043602,-0.0637116666666667,0.00838225944252895));
#1265=CARTESIAN_POINT('',(0.0183537873681786,-0.0639233333333333,0.0083552073853334));
#1266=CARTESIAN_POINT('',(0.0183560196927552,-0.064135,0.00832815532813785));
#1267=CARTESIAN_POINT('',(0.0140235262063487,0.00064135,0.0223417394113388));
#1268=CARTESIAN_POINT('',(0.0140358010811202,0.000427566666666666,0.0223247533642545));
#1269=CARTESIAN_POINT('',(0.0140480759558917,0.000213783333333334,0.0223077673171703));
#1270=CARTESIAN_POINT('',(0.0140603508306632,0.,0.0222907812700861));
#1271=CARTESIAN_POINT('',(0.0152756849664554,-0.0211666666666666,0.0206089944300662));
#1272=CARTESIAN_POINT('',(0.0164910191022475,-0.0423333333333333,0.0189272075900463));
#1273=CARTESIAN_POINT('',(0.0177063532380397,-0.0635,0.0172454207500264));
#1274=CARTESIAN_POINT('',(0.0177185065793976,-0.0637116666666667,0.0172286028816262));
#1275=CARTESIAN_POINT('',(0.0177306599207555,-0.0639233333333333,0.017211785013226));
#1276=CARTESIAN_POINT('',(0.0177428132621134,-0.064135,0.0171949671448258));
#1277=CARTESIAN_POINT('',(-4.32070347689238E-9,0.000226449250864039,0.0276582607731431));
#1278=CARTESIAN_POINT('',(-4.32484325032998E-9,0.000150966167242693,0.0276752468215837));
#1279=CARTESIAN_POINT('',(-4.32898302376757E-9,7.54830836213462E-5,0.0276922328700242));
#1280=CARTESIAN_POINT('',(-4.33312279720516E-9,0.,0.0277092189184648));
#1281=CARTESIAN_POINT('',(-4.74300135538258E-9,-0.00747357263577686,0.0293910058927794));
#1282=CARTESIAN_POINT('',(-5.15287991269264E-9,-0.0286402393024436,0.0299723413464442));
#1283=CARTESIAN_POINT('',(-5.56275847087007E-9,-0.0635,0.0294532252794593));
#1284=CARTESIAN_POINT('',(-5.56685725645184E-9,-0.0638485976069756,0.0294480341187894));
#1285=CARTESIAN_POINT('',(-5.57095604203361E-9,-0.0641971952139511,0.0294428429581196));
#1286=CARTESIAN_POINT('',(-5.57505482761539E-9,-0.0645457928209267,0.0294376517974498));
#1287=CARTESIAN_POINT('',(-0.0140235264445807,0.00064135,0.0223417390423752));
#1288=CARTESIAN_POINT('',(-0.014035801318845,0.000427566666666666,0.0223247529925783));
#1289=CARTESIAN_POINT('',(-0.0140480761931094,0.000213783333333334,0.0223077669427814));
#1290=CARTESIAN_POINT('',(-0.0140603510673737,0.,0.0222907808929844));
#1291=CARTESIAN_POINT('',(-0.0152756851529533,-0.0211666666666666,0.0206089937843753));
#1292=CARTESIAN_POINT('',(-0.0164910192385329,-0.0423333333333333,0.0189272066757662));
#1293=CARTESIAN_POINT('',(-0.0177063533241126,-0.0635,0.017245419567157));
#1294=CARTESIAN_POINT('',(-0.0177185066649683,-0.0637116666666667,0.017228601696071));
#1295=CARTESIAN_POINT('',(-0.0177306600058241,-0.0639233333333333,0.0172117838249848));
#1296=CARTESIAN_POINT('',(-0.0177428133466799,-0.064135,0.0171949659538988));
#1297=CARTESIAN_POINT('',(-0.017672861402582,0.00064135,0.0166068963916914));
#1298=CARTESIAN_POINT('',(-0.0176751160504044,0.000427566666666666,0.0165795738139239));
#1299=CARTESIAN_POINT('',(-0.0176773706982268,0.000213783333333334,0.0165522512361564));
#1300=CARTESIAN_POINT('',(-0.0176796253460492,0.,0.0165249286583889));
#1301=CARTESIAN_POINT('',(-0.0179028578037079,-0.0211666666666666,0.0138197229388341));
#1302=CARTESIAN_POINT('',(-0.0181260902613667,-0.0423333333333333,0.0111145172192793));
#1303=CARTESIAN_POINT('',(-0.0183493227190255,-0.0635,0.0084093114997245));
#1304=CARTESIAN_POINT('',(-0.018351555043602,-0.0637116666666667,0.00838225944252895));
#1305=CARTESIAN_POINT('',(-0.0183537873681786,-0.0639233333333333,0.0083552073853334));
#1306=CARTESIAN_POINT('',(-0.0183560196927553,-0.064135,0.00832815532813785));
#1307=CARTESIAN_POINT('',(-0.0177465779570644,0.00064135,0.0164910525884855));
#1308=CARTESIAN_POINT('',(-0.0177486301963447,0.000427566666666666,0.0164635212128861));
#1309=CARTESIAN_POINT('',(-0.017750682435625,0.000213783333333334,0.0164359898372867));
#1310=CARTESIAN_POINT('',(-0.0177527346749052,0.,0.0164084584616872));
#1311=CARTESIAN_POINT('',(-0.0179559266828524,-0.0211666666666666,0.0136825796894638));
#1312=CARTESIAN_POINT('',(-0.0181591186907996,-0.0423333333333333,0.0109567009172404));
#1313=CARTESIAN_POINT('',(-0.0183623106987467,-0.0635,0.00823082214501704));
#1314=CARTESIAN_POINT('',(-0.0183643426188262,-0.0637116666666667,0.00820356335729481));
#1315=CARTESIAN_POINT('',(-0.0183663745389057,-0.0639233333333333,0.00817630456957257));
#1316=CARTESIAN_POINT('',(-0.0183684064589851,-0.064135,0.00814904578185034));
#1317=CARTESIAN_POINT('',(-0.0178202945115468,0.00064135,0.0163752087852797));
#1318=CARTESIAN_POINT('',(-0.017822144342285,0.000427566666666666,0.0163474686118483));
#1319=CARTESIAN_POINT('',(-0.0178239941730232,0.000213783333333334,0.0163197284384169));
#1320=CARTESIAN_POINT('',(-0.0178258440037613,0.,0.0162919882649855));
#1321=CARTESIAN_POINT('',(-0.0180089955619969,-0.0211666666666666,0.0135454364400935));
#1322=CARTESIAN_POINT('',(-0.0181921471202324,-0.0423333333333333,0.0107988846152015));
#1323=CARTESIAN_POINT('',(-0.018375298678468,-0.0635,0.00805233279030958));
#1324=CARTESIAN_POINT('',(-0.0183771301940504,-0.0637116666666667,0.00802486727206066));
#1325=CARTESIAN_POINT('',(-0.0183789617096327,-0.0639233333333333,0.00799740175381174));
#1326=CARTESIAN_POINT('',(-0.0183807932252151,-0.064135,0.00796993623556283));
#1327=CARTESIAN_POINT('',(-0.0178940110660292,0.00064135,0.0162593649820738));
#1328=CARTESIAN_POINT('',(-0.0178956584882253,0.000427566666666666,0.0162314160108104));
#1329=CARTESIAN_POINT('',(-0.0178973059104214,0.000213783333333334,0.0162034670395471));
#1330=CARTESIAN_POINT('',(-0.0178989533326175,0.,0.0161755180682838));
#1331=CARTESIAN_POINT('',(-0.0180620644411414,-0.0211666666666666,0.0134082931907232));
#1332=CARTESIAN_POINT('',(-0.0182251755496653,-0.0423333333333333,0.0106410683131627));
#1333=CARTESIAN_POINT('',(-0.0183882866581892,-0.0635,0.00787384343560213));
#1334=CARTESIAN_POINT('',(-0.0183899177692745,-0.0637116666666667,0.00784617118682652));
#1335=CARTESIAN_POINT('',(-0.0183915488803597,-0.0639233333333333,0.00781849893805092));
#1336=CARTESIAN_POINT('',(-0.0183931799914449,-0.064135,0.00779082668927531));
#1337=CARTESIAN_POINT('',(0.02,0.,0.01));
#1338=CARTESIAN_POINT('',(0.0185834070807352,0.,0.0202673710197289));
#1339=CARTESIAN_POINT('',(-1.33471441202133E-17,0.,0.0297326289802711));
#1340=CARTESIAN_POINT('',(-0.0303822299638942,0.,0.0142577678433757));
#1341=CARTESIAN_POINT('',(3.60023415853947E-18,0.,-0.0469622516892452));
#1342=CARTESIAN_POINT('',(0.0217988228831591,0.,-0.00303774831075479));
#1343=CARTESIAN_POINT('',(0.02,0.,0.01));
#1344=CARTESIAN_POINT('',(0.0176796253460487,-2.9738116731031E-18,0.0165249286583897));
#1345=CARTESIAN_POINT('',(-1.7347234759768E-18,-0.0635,0.0233493227190255));
#1346=CARTESIAN_POINT('',(-0.00885317664053806,-0.0635,0.0233493227190255));
#1347=CARTESIAN_POINT('',(-0.0177063532810761,-0.0635,0.0172454201585917));
#1348=CARTESIAN_POINT('',(-0.0183493227190255,-0.0635,0.0084093114997245));
#1349=CARTESIAN_POINT('',(-8.67361737988404E-19,-0.0635,0.0233493227190255));
#1350=CARTESIAN_POINT('',(0.0183493227190255,-0.0635,0.0084093114997245));
#1351=CARTESIAN_POINT('',(0.0177063532810761,-0.0635,0.0172454201585917));
#1352=CARTESIAN_POINT('',(0.00885317664053805,-0.0635,0.0233493227190255));
#1353=CARTESIAN_POINT('',(-8.67361737988404E-19,-0.0635,0.0233493227190255));
#1354=CARTESIAN_POINT('',(0.0183493227190255,-0.0635,0.0084093114997245));
#1355=CARTESIAN_POINT('',(0.018014474032537,-0.03175,0.0124671200790572));
#1356=CARTESIAN_POINT('',(0.016255650414357,0.,-0.0094296817558345));
#1357=CARTESIAN_POINT('',(0.0183493227190255,-0.0635,0.00613293522748254));
#1358=CARTESIAN_POINT('',(0.0183702594420722,-0.064135,0.00628856139731571));
#1359=CARTESIAN_POINT('',(0.0164359990069168,0.,-0.00900058835151));
#1360=CARTESIAN_POINT('',(0.0183493227190255,-0.0635,0.00616724564904114));
#1361=CARTESIAN_POINT('',(0.0183684559561465,-0.064135,0.00631892398904665));
#1362=CARTESIAN_POINT('',(0.0166163475994767,0.,-0.00857149494718549));
#1363=CARTESIAN_POINT('',(0.0183493227190255,-0.0635,0.00620155607059973));
#1364=CARTESIAN_POINT('',(0.018366652470221,-0.064135,0.00634928658077759));
#1365=CARTESIAN_POINT('',(0.0167966961920367,0.,-0.00814240154286099));
#1366=CARTESIAN_POINT('',(0.0183493227190255,-0.0635,0.00623586649215833));
#1367=CARTESIAN_POINT('',(0.0183648489842953,-0.064135,0.00637964917250853));
#1368=CARTESIAN_POINT('',(0.0187007714472834,0.,-0.0036121408861688));
#1369=CARTESIAN_POINT('',(0.0183493227190255,-0.0635,0.00659810732675269));
#1370=CARTESIAN_POINT('',(0.0183458082317428,-0.064135,0.00670020980888191));
#1371=CARTESIAN_POINT('',(0.0199333161199606,0.,0.00123398081293081));
#1372=CARTESIAN_POINT('',(0.0183493227190255,-0.0635,0.00696034816134706));
#1373=CARTESIAN_POINT('',(0.0183334827850161,-0.064135,0.00701761183483122));
#1374=CARTESIAN_POINT('',(0.0202148771184894,0.,0.00666557908760782));
#1375=CARTESIAN_POINT('',(0.0183493227190255,-0.0635,0.00741314920459001));
#1376=CARTESIAN_POINT('',(0.0183306671750308,-0.064135,0.00742062490575983));
#1377=CARTESIAN_POINT('',(0.0202082333260793,0.,0.00772059605008334));
#1378=CARTESIAN_POINT('',(0.0183493227190255,-0.0635,0.0075037094132386));
#1379=CARTESIAN_POINT('',(0.0183307336129549,-0.064135,0.00750154054687015));
#1380=CARTESIAN_POINT('',(0.0200585410916745,0.,0.00974250258630945));
#1381=CARTESIAN_POINT('',(0.0183493227190255,-0.0635,0.00768482983053578));
#1382=CARTESIAN_POINT('',(0.0183322305352989,-0.064135,0.00766425310297804));
#1383=CARTESIAN_POINT('',(0.0199138221800771,0.,0.010707506882603));
#1384=CARTESIAN_POINT('',(0.0183493227190255,-0.0635,0.00777539003918437));
#1385=CARTESIAN_POINT('',(0.018333677724415,-0.064135,0.00774606887075018));
#1386=CARTESIAN_POINT('',(0.0192760812272213,0.,0.0134509628527746));
#1387=CARTESIAN_POINT('',(0.0183493227190255,-0.0635,0.00804707066513014));
#1388=CARTESIAN_POINT('',(0.0183400551339435,-0.064135,0.0079930317432537));
#1389=CARTESIAN_POINT('',(0.0185844439453061,0.,0.0150834655526035));
#1390=CARTESIAN_POINT('',(0.0183493227190255,-0.0635,0.00822819108242732));
#1391=CARTESIAN_POINT('',(0.0183469715067626,-0.064135,0.00815963833772556));
#1392=CARTESIAN_POINT('',(0.0176796253460485,0.,0.0165249286583899));
#1393=CARTESIAN_POINT('',(0.0183493227190255,-0.0635,0.0084093114997245));
#1394=CARTESIAN_POINT('',(0.0183560196927552,-0.064135,0.00832815532813785));
#1395=CARTESIAN_POINT('',(0.0174445594206071,0.,0.0168994112996943));
#1396=CARTESIAN_POINT('',(0.0183493227190255,-0.0635,0.00845636539377933));
#1397=CARTESIAN_POINT('',(0.0183583703520096,-0.064135,0.00837193493472018));
#1398=CARTESIAN_POINT('',(0.0172094934951657,0.,0.0172738939409987));
#1399=CARTESIAN_POINT('',(0.0183493227190255,-0.0635,0.00850341928783415));
#1400=CARTESIAN_POINT('',(0.0183607210112641,-0.064135,0.0084157145413025));
#1401=CARTESIAN_POINT('',(0.0169744275697243,0.,0.0176483765823032));
#1402=CARTESIAN_POINT('',(0.0183493227190255,-0.0635,0.00855047318188897));
#1403=CARTESIAN_POINT('',(0.0183630716705185,-0.064135,0.00845949414788483));
#1404=CARTESIAN_POINT('',(0.0183493227190255,-0.0635,0.00732258899937694));
#1405=CARTESIAN_POINT('',(0.02,0.,0.01));
#1406=CARTESIAN_POINT('',(0.0185834070807352,0.,0.0202673710197289));
#1407=CARTESIAN_POINT('',(-1.33471441202133E-17,0.,0.0297326289802711));
#1408=CARTESIAN_POINT('',(-0.0303822299638942,0.,0.0142577678433757));
#1409=CARTESIAN_POINT('',(3.60023415853947E-18,0.,-0.0469622516892452));
#1410=CARTESIAN_POINT('',(0.0217988228831591,0.,-0.00303774831075479));
#1411=CARTESIAN_POINT('',(0.02,0.,0.01));
#1412=CARTESIAN_POINT('',(0.,-0.0635,0.));
#1413=CARTESIAN_POINT('',(0.015808949166352,-0.0635,0.00632195825212566));
#1414=CARTESIAN_POINT('',(0.0158111389822546,-0.0635,0.00698549557232702));
#1415=CARTESIAN_POINT('',(0.0158097005887406,-0.0635,0.00764902774974661));
#1416=CARTESIAN_POINT('',(0.0158093093547733,-0.0635,0.0083125632022939));
#1417=CARTESIAN_POINT('',(0.015808949166352,-0.0635,0.00632195825212566));
#1418=CARTESIAN_POINT('',(0.0158093093547733,-0.0635,0.00831256320229387));
#1419=CARTESIAN_POINT('',(-0.0158089491664013,-0.0635,0.00632195825496658));
#1420=CARTESIAN_POINT('',(-0.0157287048725581,-0.0635,0.00523745358210448));
#1421=CARTESIAN_POINT('',(-0.0153247669262132,-0.0635000000000002,0.00306903396467714));
#1422=CARTESIAN_POINT('',(-0.0142298339577383,-0.0635,2.12296071186271E-5));
#1423=CARTESIAN_POINT('',(-0.0127373273516981,-0.0635000000000002,-0.00286714234679134));
#1424=CARTESIAN_POINT('',(-0.0108696409214008,-0.0634999999999998,-0.00557495152137886));
#1425=CARTESIAN_POINT('',(-0.00867382409932251,-0.0635000000000002,-0.00799970314245938));
#1426=CARTESIAN_POINT('',(-0.00612183096045826,-0.0634999999999997,-0.0100673900146534));
#1427=CARTESIAN_POINT('',(-0.00322900457834687,-0.0635000000000004,-0.0115911479204738));
#1428=CARTESIAN_POINT('',(4.21941518261665E-5,-0.0634999999999997,-0.0122480741044629));
#1429=CARTESIAN_POINT('',(0.00329001697135679,-0.0635,-0.0115663519853891));
#1430=CARTESIAN_POINT('',(0.00618611711591201,-0.0634999999999999,-0.0100253584885621));
#1431=CARTESIAN_POINT('',(0.00872753711320035,-0.0635000000000002,-0.00794653120937761));
#1432=CARTESIAN_POINT('',(0.0116143736919716,-0.0634999999999999,-0.00474119440700359));
#1433=CARTESIAN_POINT('',(0.0138750436181525,-0.0635,-0.000971257538040528));
#1434=CARTESIAN_POINT('',(0.0153243612244037,-0.0635000000000001,0.0030710787354384));
#1435=CARTESIAN_POINT('',(0.0157285278921016,-0.0635,0.00523506163211006));
#1436=CARTESIAN_POINT('',(0.015808949166352,-0.0635,0.00632195825212552));
#1437=CARTESIAN_POINT('',(-0.0158089491664013,-0.0635,0.00632195825496624));
#1438=CARTESIAN_POINT('',(-0.0158093093547728,-0.0635,0.00831256320270221));
#1439=CARTESIAN_POINT('',(-0.0158097005887459,-0.0635,0.00764902775097842));
#1440=CARTESIAN_POINT('',(-0.0158111389821232,-0.0635,0.00698549557436273));
#1441=CARTESIAN_POINT('',(-0.0158089491664013,-0.0635,0.00632195825496622));
#1442=CARTESIAN_POINT('',(-0.0158093093547728,-0.0635,0.0083125632027022));
#1443=CARTESIAN_POINT('',(0.0158093093547734,-0.0635,0.00831256320229384));
#1444=CARTESIAN_POINT('',(0.015660566591908,-0.0635,0.0101614258478211));
#1445=CARTESIAN_POINT('',(0.0144293272975279,-0.0634999999999999,0.0137168766247533));
#1446=CARTESIAN_POINT('',(0.0104579242074898,-0.0635,0.0177502721312479));
#1447=CARTESIAN_POINT('',(0.00549001692582674,-0.0635000000000003,0.0202055452375669));
#1448=CARTESIAN_POINT('',(0.000915760570001372,-0.0635,0.0209599300482945));
#1449=CARTESIAN_POINT('',(-0.00276964781881118,-0.0634999999999998,0.0206531023850241));
#1450=CARTESIAN_POINT('',(-0.00543162782798302,-0.0635000000000005,0.0200113629220285));
#1451=CARTESIAN_POINT('',(-0.0080079528213678,-0.0634999999999997,0.0189572378569948));
#1452=CARTESIAN_POINT('',(-0.0111258879855366,-0.0635000000000004,0.0170722554166383));
#1453=CARTESIAN_POINT('',(-0.0137666568764575,-0.0634999999999999,0.0143835361937701));
#1454=CARTESIAN_POINT('',(-0.0153615874876169,-0.0634999999999998,0.0110470401106727));
#1455=CARTESIAN_POINT('',(-0.0157348688992161,-0.0635,0.00923785312045161));
#1456=CARTESIAN_POINT('',(-0.0158093093547728,-0.0635,0.00831256320270217));
#1457=CARTESIAN_POINT('',(0.,0.,3.46944695195361E-18));
#1458=CARTESIAN_POINT('',(-0.0153025569241223,-0.0351215697941882,0.00093855511495701));
#1459=CARTESIAN_POINT('',(-0.0153932794208316,-0.0400457956725885,0.00198857015262678));
#1460=CARTESIAN_POINT('',(-0.0155253967124743,-0.0470220076995471,0.00347475860392505));
#1461=CARTESIAN_POINT('',(-0.0156911960834825,-0.0554345418548798,0.00526612430680632));
#1462=CARTESIAN_POINT('',(-0.0157901525862954,-0.0603589223225908,0.00631468000422685));
#1463=CARTESIAN_POINT('',(-0.0158487920204872,-0.0632314493886615,0.00692637537946561));
#1464=CARTESIAN_POINT('',(-0.0158783390101685,-0.0646677024226182,0.00723224786769923));
#1465=CARTESIAN_POINT('',(-0.0152716286733015,-0.0351243106754498,0.000798532135696256));
#1466=CARTESIAN_POINT('',(-0.0153659390845514,-0.0400486413004158,0.00184755827405489));
#1467=CARTESIAN_POINT('',(-0.0155031772207447,-0.0470250163993604,0.00333226343866835));
#1468=CARTESIAN_POINT('',(-0.015675251600949,-0.0554377395900804,0.00512184284333668));
#1469=CARTESIAN_POINT('',(-0.0157779102277482,-0.0603622244076456,0.00616937202418937));
#1470=CARTESIAN_POINT('',(-0.0158387228212314,-0.0632348081164637,0.0067804833636024));
#1471=CARTESIAN_POINT('',(-0.0158693595441373,-0.0646710879233519,0.0070860695752299));
#1472=CARTESIAN_POINT('',(-0.0152324869276449,-0.0351247376811498,0.000621767510138642));
#1473=CARTESIAN_POINT('',(-0.0153316491259654,-0.040048832749691,0.00167111317750931));
#1474=CARTESIAN_POINT('',(-0.0154756721427395,-0.0470248276344626,0.00315647231846853));
#1475=CARTESIAN_POINT('',(-0.0156556905189523,-0.055437090747918,0.00494684236429533));
#1476=CARTESIAN_POINT('',(-0.0157629300226278,-0.0603613156219176,0.00599479082013553));
#1477=CARTESIAN_POINT('',(-0.0158263821693214,-0.0632337550972354,0.00660611245450166));
#1478=CARTESIAN_POINT('',(-0.0158583310663442,-0.0646699658264797,0.00691179032857083));
#1479=CARTESIAN_POINT('',(-0.0151785015914628,-0.0351300974673302,0.0003772322332519));
#1480=CARTESIAN_POINT('',(-0.0152838688928906,-0.0400544447259717,0.00142455519763182));
#1481=CARTESIAN_POINT('',(-0.0154367744799468,-0.0470308347873589,0.00290684743644095));
#1482=CARTESIAN_POINT('',(-0.0156277472043007,-0.0554435596313275,0.00469352349293922));
#1483=CARTESIAN_POINT('',(-0.0157414695117959,-0.0603680405059874,0.00573935578089461));
#1484=CARTESIAN_POINT('',(-0.0158087364063648,-0.0632406195281952,0.00634947875816158));
#1485=CARTESIAN_POINT('',(-0.0158426003683468,-0.0646768963845365,0.00665457124296731));
#1486=CARTESIAN_POINT('',(-0.0151421767316177,-0.0351274536320904,0.000213617215357688));
#1487=CARTESIAN_POINT('',(-0.0152523579825215,-0.0400512142591116,0.00126280714803309));
#1488=CARTESIAN_POINT('',(-0.0154118647224601,-0.0470266650312826,0.00274823648851768));
#1489=CARTESIAN_POINT('',(-0.0156102129518603,-0.0554382637768211,0.00453869642370471));
#1490=CARTESIAN_POINT('',(-0.0157280824780203,-0.0603621115102085,0.00558663554788876));
#1491=CARTESIAN_POINT('',(-0.0157976885024833,-0.0632343408139148,0.00619790275036726));
#1492=CARTESIAN_POINT('',(-0.0158327033842287,-0.0646704506282638,0.00650353409043948));
#1493=CARTESIAN_POINT('',(-0.0150855139613678,-0.0351272688893637,-3.16953288006846E-5));
#1494=CARTESIAN_POINT('',(-0.0152022937135265,-0.0400505956991202,0.00101832432656036));
#1495=CARTESIAN_POINT('',(-0.0153710162762964,-0.0470253146762719,0.00250550024554221));
#1496=CARTESIAN_POINT('',(-0.0155800758453537,-0.0554359256459008,0.00429849370485218));
#1497=CARTESIAN_POINT('',(-0.0157040914776706,-0.0603591776397861,0.00534796710995848));
#1498=CARTESIAN_POINT('',(-0.0157772220163634,-0.063231052539364,0.00596013476384252));
#1499=CARTESIAN_POINT('',(-0.0158139840052515,-0.0646669892198497,0.00626620252892738));
#1500=CARTESIAN_POINT('',(-0.0149942576748547,-0.0351245706695363,-0.000408774654306647));
#1501=CARTESIAN_POINT('',(-0.0151210563872851,-0.0400469138031297,0.000643742075600853));
#1502=CARTESIAN_POINT('',(-0.0153037001174912,-0.0470199460521941,0.00213593380585492));
#1503=CARTESIAN_POINT('',(-0.0155286831013087,-0.0554281904123561,0.00393633182007756));
#1504=CARTESIAN_POINT('',(-0.015661749173204,-0.0603499851907264,0.00499037828486732));
#1505=CARTESIAN_POINT('',(-0.0157400252207283,-0.0632209737972538,0.00560529110049305));
#1506=CARTESIAN_POINT('',(-0.0157793256747427,-0.0646564771194158,0.00591271111094747));
#1507=CARTESIAN_POINT('',(-0.0148534911288431,-0.0351238830545386,-0.000951875773035234));
#1508=CARTESIAN_POINT('',(-0.0149935045823184,-0.0400451371284447,0.000102526941427474));
#1509=CARTESIAN_POINT('',(-0.0151946996038955,-0.0470161351308018,0.00159999025374621));
#1510=CARTESIAN_POINT('',(-0.0154413005866408,-0.0554210441964808,0.00341022564857071));
#1511=CARTESIAN_POINT('',(-0.0155867617865973,-0.060340634451412,0.00447091305678943));
#1512=CARTESIAN_POINT('',(-0.0156721326073667,-0.0632101888021376,0.00509011199339895));
#1513=CARTESIAN_POINT('',(-0.0157149412201178,-0.0646449871279719,0.00539970626609881));
#1514=CARTESIAN_POINT('',(-0.0146237606179192,-0.035123749217578,-0.00176563454645644));
#1515=CARTESIAN_POINT('',(-0.0147817557380271,-0.0400433458095346,-0.000708971020979218));
#1516=CARTESIAN_POINT('',(-0.0150083291418166,-0.0470110175825922,0.000796964633996923));
#1517=CARTESIAN_POINT('',(-0.0152847424941305,-0.0554098551455525,0.00262535713058785));
#1518=CARTESIAN_POINT('',(-0.0154473618142447,-0.0603252676855089,0.00369885006885024));
#1519=CARTESIAN_POINT('',(-0.0155425837297563,-0.0631919949838659,0.00432659312617949));
#1520=CARTESIAN_POINT('',(-0.0155902649532715,-0.0646254183436383,0.00464058276600107));
#1521=CARTESIAN_POINT('',(-0.0142683604162242,-0.0351280821002934,-0.0028970179772581));
#1522=CARTESIAN_POINT('',(-0.0144476458645396,-0.0400456389884444,-0.00183972022556585));
#1523=CARTESIAN_POINT('',(-0.0147046087938877,-0.0470086860966529,-0.000323433466978838));
#1524=CARTESIAN_POINT('',(-0.0150175395537107,-0.0553977584963125,0.00153308739375241));
#1525=CARTESIAN_POINT('',(-0.0152014412664249,-0.0603061394057632,0.00262757202138763));
#1526=CARTESIAN_POINT('',(-0.0153090242311495,-0.0631678916549322,0.00326987365467261));
#1527=CARTESIAN_POINT('',(-0.0153628441448061,-0.0645989461183347,0.00359146298294326));
#1528=CARTESIAN_POINT('',(-0.0136581191313884,-0.0351404238700787,-0.00460734373080538));
#1529=CARTESIAN_POINT('',(-0.0138627493881079,-0.0400549718003713,-0.00355239539065868));
#1530=CARTESIAN_POINT('',(-0.0141563962006386,-0.0470103883590096,-0.00202113037300799));
#1531=CARTESIAN_POINT('',(-0.0145148216335593,-0.0553815317683176,-0.000115192424662555));
#1532=CARTESIAN_POINT('',(-0.0147257612086361,-0.0602766499228579,0.00101747169899013));
#1533=CARTESIAN_POINT('',(-0.0148493672973429,-0.063128703247759,0.00168684038727497));
#1534=CARTESIAN_POINT('',(-0.0149111993969874,-0.0645553052128949,0.00202267314457082));
#1535=CARTESIAN_POINT('',(-0.0126762252432663,-0.0351671803480495,-0.00696432541377339));
#1536=CARTESIAN_POINT('',(-0.0129036241426973,-0.04007749245355,-0.0059182869953272));
#1537=CARTESIAN_POINT('',(-0.0132312077268776,-0.0470209966722948,-0.00436778683538457));
#1538=CARTESIAN_POINT('',(-0.0136346101117648,-0.0553616842563799,-0.00238351070663098));
#1539=CARTESIAN_POINT('',(-0.0138733817214287,-0.0602338862255416,-0.00118864265436403));
#1540=CARTESIAN_POINT('',(-0.014014199362831,-0.0630686823972246,-0.000474497812562226));
#1541=CARTESIAN_POINT('',(-0.0140847355954899,-0.0644877684482837,-0.000114977775569709));
#1542=CARTESIAN_POINT('',(-0.0111477583401324,-0.0352122434679324,-0.0100121299101669));
#1543=CARTESIAN_POINT('',(-0.0113858568708795,-0.0401160374951477,-0.00898467575241373));
#1544=CARTESIAN_POINT('',(-0.0117315145786185,-0.0470407384775241,-0.00740962294749413));
#1545=CARTESIAN_POINT('',(-0.0121647937302526,-0.0553319862595702,-0.00530880878064763));
#1546=CARTESIAN_POINT('',(-0.0124241760052934,-0.0601669433435016,-0.00402024670252275));
#1547=CARTESIAN_POINT('',(-0.0125791932163112,-0.0629730622208745,-0.0032384302383508));
#1548=CARTESIAN_POINT('',(-0.0126569413886838,-0.0643805503380111,-0.00284301031011754));
#1549=CARTESIAN_POINT('',(-0.00913522830165265,-0.0352660391636016,-0.0132610775564838));
#1550=CARTESIAN_POINT('',(-0.00936285005830705,-0.0401604844724079,-0.0122605497758512));
#1551=CARTESIAN_POINT('',(-0.00969790179962632,-0.047059680837624,-0.0106592739219378));
#1552=CARTESIAN_POINT('',(-0.0101299682431033,-0.0552855388102415,-0.00841955489297295));
#1553=CARTESIAN_POINT('',(-0.0103929234189537,-0.0600718739436475,-0.00701887510649509));
#1554=CARTESIAN_POINT('',(-0.0105532391330344,-0.0628400387642997,-0.00615655460337983));
#1555=CARTESIAN_POINT('',(-0.0106333239524587,-0.0642335536055589,-0.00571811399629631));
#1556=CARTESIAN_POINT('',(-0.00678236938018456,-0.0353104873364185,-0.0162309836394668));
#1557=CARTESIAN_POINT('',(-0.00697804565749766,-0.0401923261633023,-0.0152616510904081));
#1558=CARTESIAN_POINT('',(-0.00727340947529659,-0.0470608965958507,-0.0136379049546269));
#1559=CARTESIAN_POINT('',(-0.00767021997511756,-0.0552144407832023,-0.0112640101389872));
#1560=CARTESIAN_POINT('',(-0.00791645096074832,-0.0599486249014559,-0.00975476195077066));
#1561=CARTESIAN_POINT('',(-0.00807016861959986,-0.0626760094858822,-0.00881558949239777));
#1562=CARTESIAN_POINT('',(-0.00814571333979929,-0.0640562186005713,-0.00833499123038977));
#1563=CARTESIAN_POINT('',(-0.00447180870821839,-0.0353269619845673,-0.0183751177087826));
#1564=CARTESIAN_POINT('',(-0.00462191269375041,-0.0401944775987391,-0.0174352891549846));
#1565=CARTESIAN_POINT('',(-0.00485828081392826,-0.047033152927161,-0.0158018532282578));
#1566=CARTESIAN_POINT('',(-0.00519087331822637,-0.0551257580246245,-0.0133370216619747));
#1567=CARTESIAN_POINT('',(-0.00540026638794211,-0.0598182732429856,-0.011752426230901));
#1568=CARTESIAN_POINT('',(-0.00553331473708399,-0.0625133977383102,-0.01076072990345));
#1569=CARTESIAN_POINT('',(-0.00559678960135342,-0.0638847025874283,-0.0102490698953643));
#1570=CARTESIAN_POINT('',(-0.00250827333690962,-0.035315438945911,-0.0195801614625268));
#1571=CARTESIAN_POINT('',(-0.00260673836166467,-0.0401698533820358,-0.0186648363027266));
#1572=CARTESIAN_POINT('',(-0.00277058213939365,-0.0469858629746048,-0.0170391603652598));
#1573=CARTESIAN_POINT('',(-0.00300835118203796,-0.0550412521643912,-0.014540252165304));
#1574=CARTESIAN_POINT('',(-0.00315829948418122,-0.0597101350219221,-0.012922362596484));
#1575=CARTESIAN_POINT('',(-0.00325395556383192,-0.0623870493537698,-0.0119068924333544));
#1576=CARTESIAN_POINT('',(-0.00329818286087688,-0.0637544952825824,-0.0113782454649562));
#1577=CARTESIAN_POINT('',(-0.00107386481590561,-0.0352975824599036,-0.0200623838558191));
#1578=CARTESIAN_POINT('',(-0.00112170721197033,-0.0401439600726833,-0.0191624071995437));
#1579=CARTESIAN_POINT('',(-0.00120518012328213,-0.0469485482152,-0.0175510774099819));
#1580=CARTESIAN_POINT('',(-0.0013280536495827,-0.0549891041661301,-0.0150515192907639));
#1581=CARTESIAN_POINT('',(-0.00140533737412325,-0.059649221259014,-0.0134265325110064));
#1582=CARTESIAN_POINT('',(-0.00145457830305191,-0.0623191799293627,-0.0124048698583885));
#1583=CARTESIAN_POINT('',(-0.00147692774906231,-0.0636857013895038,-0.0118697365369313));
#1584=CARTESIAN_POINT('',(-1.48244634843202E-6,-0.0352902339805148,-0.0201771684982021));
#1585=CARTESIAN_POINT('',(-1.55415660035014E-6,-0.0401340527515382,-0.0192821573436257));
#1586=CARTESIAN_POINT('',(-1.68310363433353E-6,-0.0469354372280812,-0.0176770622061199));
#1587=CARTESIAN_POINT('',(-1.87540082725565E-6,-0.0549725064935309,-0.0151804056806358));
#1588=CARTESIAN_POINT('',(-1.99655881051968E-6,-0.0596306801097339,-0.0135551309811145));
#1589=CARTESIAN_POINT('',(-2.0738789899008E-6,-0.0622990271201375,-0.0125326961530257));
#1590=CARTESIAN_POINT('',(-2.10875884722302E-6,-0.0636654582835856,-0.0119960803666645));
#1591=CARTESIAN_POINT('',(0.00107051571986921,-0.0352975421140074,-0.0200631380310005));
#1592=CARTESIAN_POINT('',(0.00111822650613414,-0.0401439045953781,-0.0191631907093105));
#1593=CARTESIAN_POINT('',(0.00120148117284641,-0.0469484729840324,-0.017551894746667));
#1594=CARTESIAN_POINT('',(0.00132403918043873,-0.0549890060256936,-0.0150523480067959));
#1595=CARTESIAN_POINT('',(0.00140112439516885,-0.0596491100555628,-0.0134273558255408));
#1596=CARTESIAN_POINT('',(0.0014502388952456,-0.0623190580802781,-0.0124056863503928));
#1597=CARTESIAN_POINT('',(0.00147253009752202,-0.0636855786211384,-0.0118705431392732));
#1598=CARTESIAN_POINT('',(0.00250461043221549,-0.0353154006201687,-0.0195819279545566));
#1599=CARTESIAN_POINT('',(0.00260296517878173,-0.0401697912243116,-0.0186666474433652));
#1600=CARTESIAN_POINT('',(0.00276664533313543,-0.0469857633039427,-0.0170409998614825));
#1601=CARTESIAN_POINT('',(0.00300418718449207,-0.0550410975930354,-0.0145420623527407));
#1602=CARTESIAN_POINT('',(0.00315399111314888,-0.0597099468540565,-0.0129241342306623));
#1603=CARTESIAN_POINT('',(0.00324955488919909,-0.0623868350830989,-0.0119086349447503));
#1604=CARTESIAN_POINT('',(0.00329373679604127,-0.0637542764304288,-0.0113799636508621));
#1605=CARTESIAN_POINT('',(0.00446786657116873,-0.0353269650296225,-0.0183781632956345));
#1606=CARTESIAN_POINT('',(0.00461788246760887,-0.0401944549572534,-0.0174383842612636));
#1607=CARTESIAN_POINT('',(0.00485413409637394,-0.0470330809120066,-0.0158049455726993));
#1608=CARTESIAN_POINT('',(0.005186589332846,-0.0551255945426206,-0.0133399994854545));
#1609=CARTESIAN_POINT('',(0.00539589960662475,-0.059818049353939,-0.0117553052693856));
#1610=CARTESIAN_POINT('',(0.00552889823320148,-0.0625131273626778,-0.0107635401237474));
#1611=CARTESIAN_POINT('',(0.00559234554096115,-0.0638844207423964,-0.0102518364300617));
#1612=CARTESIAN_POINT('',(0.0067784702555152,-0.0353105398226348,-0.0162352420925054));
#1613=CARTESIAN_POINT('',(0.00697408105848301,-0.0401923562149698,-0.0152659601176241));
#1614=CARTESIAN_POINT('',(0.007269361703181,-0.0470608757609386,-0.0136421855350836));
#1615=CARTESIAN_POINT('',(0.00766609004127316,-0.0552143069468797,-0.0112680993392044));
#1616=CARTESIAN_POINT('',(0.00791227753842781,-0.0599484114016601,-0.00975869552425989));
#1617=CARTESIAN_POINT('',(0.00806597372559534,-0.0626757339240016,-0.00881941391791151));
#1618=CARTESIAN_POINT('',(0.0081415050068081,-0.0640559242599912,-0.00833875416855495));
#1619=CARTESIAN_POINT('',(0.00913160568604179,-0.0352661242870754,-0.0132662595888317));
#1620=CARTESIAN_POINT('',(0.0093591916637672,-0.0401605517588177,-0.0122657810566259));
#1621=CARTESIAN_POINT('',(0.00969420086794493,-0.0470597018110539,-0.0106644650425712));
#1622=CARTESIAN_POINT('',(0.0101262369641003,-0.0552854446559522,-0.00842451729374121));
#1623=CARTESIAN_POINT('',(0.0103891816754281,-0.0600716952133397,-0.00702365247081572));
#1624=CARTESIAN_POINT('',(0.0105494969576765,-0.0628397937889652,-0.00616119981305023));
#1625=CARTESIAN_POINT('',(0.010629580360229,-0.0642332856004151,-0.00572268794051592));
#1626=CARTESIAN_POINT('',(0.0111445733460266,-0.0352123314048134,-0.0100178067024392));
#1627=CARTESIAN_POINT('',(0.0113826714745401,-0.0401161110634575,-0.00899039290020449));
#1628=CARTESIAN_POINT('',(0.0117283348548919,-0.0470407717994517,-0.00741529230570247));
#1629=CARTESIAN_POINT('',(0.0121616384448507,-0.0553319151191845,-0.0053142436955994));
#1630=CARTESIAN_POINT('',(0.0124210418008969,-0.0601667939966072,-0.00402549313094229));
#1631=CARTESIAN_POINT('',(0.0125760762398575,-0.062972852210301,-0.00324354099122096));
#1632=CARTESIAN_POINT('',(0.0126538329749009,-0.0643803168907579,-0.00284804895966335));
#1633=CARTESIAN_POINT('',(0.0126735209707975,-0.0351672672267478,-0.00697021817757595));
#1634=CARTESIAN_POINT('',(0.0129009570043412,-0.0400775689990997,-0.00592421439344479));
#1635=CARTESIAN_POINT('',(0.0132285985218288,-0.0470210420620958,-0.0043736748165622));
#1636=CARTESIAN_POINT('',(0.0136320849695919,-0.0553616458132707,-0.00238919728497221));
#1637=CARTESIAN_POINT('',(0.0138709111450461,-0.0602337841551062,-0.00119416573771056));
#1638=CARTESIAN_POINT('',(0.014011764166278,-0.0630685315447199,-0.000479901925230557));
#1639=CARTESIAN_POINT('',(0.014082318430455,-0.0644875971678955,-0.000120318712139576));
#1640=CARTESIAN_POINT('',(0.0136558718907094,-0.0351404679700801,-0.00461309348122954));
#1641=CARTESIAN_POINT('',(0.0138605711852395,-0.0400550044419253,-0.00355815580513919));
#1642=CARTESIAN_POINT('',(0.0141543188724891,-0.0470103913811364,-0.00202683357945107));
#1643=CARTESIAN_POINT('',(0.0145128722963753,-0.0553814639021277,-0.000120703387420318));
#1644=CARTESIAN_POINT('',(0.0147238891412436,-0.0602765294532078,0.00101210959666323));
#1645=CARTESIAN_POINT('',(0.0148475418455781,-0.0631285438884609,0.00168158395295845));
#1646=CARTESIAN_POINT('',(0.0149093973674592,-0.0645551284604418,0.00201747235242314));
#1647=CARTESIAN_POINT('',(0.0142664350733981,-0.0351281364663296,-0.00290277254833481));
#1648=CARTESIAN_POINT('',(0.014445815108539,-0.0400456859395628,-0.00184548922292288));
#1649=CARTESIAN_POINT('',(0.0147029149711497,-0.0470087129941891,-0.000329170542410901));
#1650=CARTESIAN_POINT('',(0.015016015419897,-0.0553977359172712,0.00152748121318854));
#1651=CARTESIAN_POINT('',(0.0152000177066174,-0.0603060797555103,0.00262207004075688));
#1652=CARTESIAN_POINT('',(0.01530765998846,-0.0631678048011367,0.00326444681751011));
#1653=CARTESIAN_POINT('',(0.0153615095442938,-0.0645988465547127,0.00358607588880626));
#1654=CARTESIAN_POINT('',(0.0146221357596514,-0.0351237313903095,-0.00177102058480122));
#1655=CARTESIAN_POINT('',(0.0147802422793741,-0.040043314208842,-0.000714334174190811));
#1656=CARTESIAN_POINT('',(0.0150069726569753,-0.0470109582507235,0.00079167813183689));
#1657=CARTESIAN_POINT('',(0.0152835693111035,-0.0554097448991492,0.00262022958476434));
#1658=CARTESIAN_POINT('',(0.0154462938155973,-0.060325122343759,0.00369383387140819));
#1659=CARTESIAN_POINT('',(0.0155415759921438,-0.0631918257624765,0.00432165095800873));
#1660=CARTESIAN_POINT('',(0.0155892869615811,-0.0646252376323278,0.00463567867537127));
#1661=CARTESIAN_POINT('',(0.0148519776426783,-0.0351239359635082,-0.000957503919877205));
#1662=CARTESIAN_POINT('',(0.0149921164141571,-0.040045185647132,9.68868007933465E-5));
#1663=CARTESIAN_POINT('',(0.0151934902889213,-0.0470161728364018,0.00159435845575407));
#1664=CARTESIAN_POINT('',(0.0154403070662392,-0.0554210573265194,0.00340464832494612));
#1665=CARTESIAN_POINT('',(0.0155858941864861,-0.06034062950656,0.00446538066464723));
#1666=CARTESIAN_POINT('',(0.0156713381291297,-0.0632101710300533,0.00508461248405029));
#1667=CARTESIAN_POINT('',(0.0157141831316014,-0.0646449630279713,0.00539422414958523));
#1668=CARTESIAN_POINT('',(0.0149930017043474,-0.0351244765849281,-0.000413723075437032));
#1669=CARTESIAN_POINT('',(0.0151199328499007,-0.0400467993576756,0.000638856285757509));
#1670=CARTESIAN_POINT('',(0.0153027584977702,-0.0470197968181333,0.00213116690704665));
#1671=CARTESIAN_POINT('',(0.0155279431105352,-0.05542799260075,0.00393173552820001));
#1672=CARTESIAN_POINT('',(0.0156611216970377,-0.0603497575351275,0.00498588657884208));
#1673=CARTESIAN_POINT('',(0.0157394606644741,-0.0632207280069353,0.00560086190834987));
#1674=CARTESIAN_POINT('',(0.0157787918855941,-0.0646562224921638,0.00590831274595026));
#1675=CARTESIAN_POINT('',(0.0150841521104918,-0.0351273838287141,-3.74999663823207E-5));
#1676=CARTESIAN_POINT('',(0.0152010729667572,-0.0400507146911268,0.00101247744963856));
#1677=CARTESIAN_POINT('',(0.015369997917813,-0.0470254388117472,0.00249959726577546));
#1678=CARTESIAN_POINT('',(0.0155793066101875,-0.0554360520735431,0.00429253759710349));
#1679=CARTESIAN_POINT('',(0.0157034693207912,-0.0603593039472093,0.00534198511337173));
#1680=CARTESIAN_POINT('',(0.0157766861669029,-0.0632311778913759,0.00595414057059656));
#1681=CARTESIAN_POINT('',(0.0158134913945676,-0.0646671139892565,0.00626020283523392));
#1682=CARTESIAN_POINT('',(0.0151411457516612,-0.0351272719499853,0.000209111300809296));
#1683=CARTESIAN_POINT('',(0.0152514686195082,-0.0400510030751757,0.00125840873582483));
#1684=CARTESIAN_POINT('',(0.0154111653772137,-0.0470264063115719,0.00274401740996189));
#1685=CARTESIAN_POINT('',(0.0156097138233097,-0.0554379469631725,0.00453469862066398));
#1686=CARTESIAN_POINT('',(0.0157276920499395,-0.060361761617288,0.00558276339067115));
#1687=CARTESIAN_POINT('',(0.0157973574545088,-0.0632339723833414,0.00619410043843882));
#1688=CARTESIAN_POINT('',(0.015832401076532,-0.0646700733042658,0.00649976516195581));
#1689=CARTESIAN_POINT('',(0.0151772204668716,-0.0351302294372216,0.00037140206195679));
#1690=CARTESIAN_POINT('',(0.0152827358181792,-0.040054583235776,0.00141867472404535));
#1691=CARTESIAN_POINT('',(0.0154358534609604,-0.0470309836376341,0.00290088997722039));
#1692=CARTESIAN_POINT('',(0.0156270881316522,-0.055443720840352,0.00468747228107671));
#1693=CARTESIAN_POINT('',(0.0157409655985347,-0.0603682086702915,0.00573325057084912));
#1694=CARTESIAN_POINT('',(0.0158083238656047,-0.0632407915487369,0.0063433428128008));
#1695=CARTESIAN_POINT('',(0.0158422337167045,-0.0646770702431932,0.00664842026629761));
#1696=CARTESIAN_POINT('',(0.0152313099265227,-0.0351247396896076,0.000616488916301008));
#1697=CARTESIAN_POINT('',(0.0153306174366079,-0.0400488263725907,0.00166584968148567));
#1698=CARTESIAN_POINT('',(0.0154748432774956,-0.0470248076300325,0.00315123805659987));
#1699=CARTESIAN_POINT('',(0.0156550979084085,-0.0554370539263255,0.00494164489730137));
#1700=CARTESIAN_POINT('',(0.0157624732565204,-0.060361269176558,0.00598961380033809));
#1701=CARTESIAN_POINT('',(0.0158260034828794,-0.0632337032344512,0.00660094638141637));
#1702=CARTESIAN_POINT('',(0.0158579911452315,-0.0646699113577417,0.00690662928836585));
#1703=CARTESIAN_POINT('',(0.0152703499895022,-0.0351244403923652,0.000792715360682779));
#1704=CARTESIAN_POINT('',(0.0153648083061771,-0.0400487773097543,0.00184169234884618));
#1705=CARTESIAN_POINT('',(0.0155022582042746,-0.0470251623513351,0.00332632238771907));
#1706=CARTESIAN_POINT('',(0.0156745939332586,-0.055437897416612,0.00511581032364273));
#1707=CARTESIAN_POINT('',(0.0157774072982149,-0.060362388914435,0.00616328681003873));
#1708=CARTESIAN_POINT('',(0.0158383109846383,-0.0632349763257366,0.00677436814532217));
#1709=CARTESIAN_POINT('',(0.0158689934489086,-0.0646712578970996,0.00707993967817718));
#1710=CARTESIAN_POINT('',(0.0153013210351894,-0.0351216461720127,0.000932965082649604));
#1711=CARTESIAN_POINT('',(0.0153921903043182,-0.0400458722181989,0.00198295781334526));
#1712=CARTESIAN_POINT('',(0.0155245155562997,-0.0470220843526185,0.0034691147353313));
#1713=CARTESIAN_POINT('',(0.0156905657172556,-0.0554346184101998,0.00526044255068286));
#1714=CARTESIAN_POINT('',(0.015789669022771,-0.0603589987549845,0.00630897610872979));
#1715=CARTESIAN_POINT('',(0.0158483940895892,-0.0632315257181155,0.00692065858777079));
#1716=CARTESIAN_POINT('',(0.0158779838945846,-0.0646677786929386,0.00722652463241311));
#1717=CARTESIAN_POINT('',(0.0152281017331195,-0.0354999913195787,0.000646764421940667));
#1718=CARTESIAN_POINT('',(0.0153278655742732,-0.0401679089114245,0.00166078971570533));
#1719=CARTESIAN_POINT('',(0.0154532416433008,-0.0460035335076006,0.00293328128693457));
#1720=CARTESIAN_POINT('',(0.0155986969560305,-0.053005385450074,0.00438962361814318));
#1721=CARTESIAN_POINT('',(0.0156742724670014,-0.056508299236826,0.00512867913606541));
#1722=CARTESIAN_POINT('',(0.0157452943782265,-0.0600108357828321,0.00581570540550824));
#1723=CARTESIAN_POINT('',(0.0157861916814054,-0.0623393307998249,0.00614315271851007));
#1724=CARTESIAN_POINT('',(0.0158085326304554,-0.0635008587735743,0.00631624939782252));
#1725=CARTESIAN_POINT('',(0.0152280956183249,-0.0355000000031887,0.000646745981295541));
#1726=CARTESIAN_POINT('',(0.0152281019186396,-0.0355,0.00064676630761405));
#1727=CARTESIAN_POINT('',(0.0147438136668535,-0.0355,-0.00156828641868825));
#1728=CARTESIAN_POINT('',(0.0136748572556501,-0.0355,-0.00475348476159913));
#1729=CARTESIAN_POINT('',(0.0117682521931111,-0.0355,-0.00880102950494155));
#1730=CARTESIAN_POINT('',(0.0100884497878482,-0.0355,-0.0117473395117951));
#1731=CARTESIAN_POINT('',(0.00815280830975946,-0.0355,-0.0145385572843164));
#1732=CARTESIAN_POINT('',(0.0059188122114344,-0.0355,-0.017090137133756));
#1733=CARTESIAN_POINT('',(0.00372754089692809,-0.0355,-0.0188930576596947));
#1734=CARTESIAN_POINT('',(0.00166996341103336,-0.0355,-0.019890600138022));
#1735=CARTESIAN_POINT('',(-2.81569399497926E-5,-0.0355000000000001,-0.0202160377804293));
#1736=CARTESIAN_POINT('',(-0.00172350853155418,-0.0355,-0.0198704402604466));
#1737=CARTESIAN_POINT('',(-0.00376128048157043,-0.0355,-0.0188683750010907));
#1738=CARTESIAN_POINT('',(-0.00595459238696376,-0.0355,-0.017055033959829));
#1739=CARTESIAN_POINT('',(-0.00817577434008527,-0.0355,-0.0145083259218637));
#1740=CARTESIAN_POINT('',(-0.0107383445486253,-0.0355,-0.0108009798426287));
#1741=CARTESIAN_POINT('',(-0.0132997895755384,-0.0355,-0.0058553147217668));
#1742=CARTESIAN_POINT('',(-0.0147462558549199,-0.0355,-0.00155711529719433));
#1743=CARTESIAN_POINT('',(-0.0152281112350506,-0.0355,0.000646808817423373));
#1744=CARTESIAN_POINT('',(-0.015228120546853,-0.0355000000006242,0.000646824915877654));
#1745=CARTESIAN_POINT('',(-0.0152281113858739,-0.0355000070562022,0.000646810350345226));
#1746=CARTESIAN_POINT('',(-0.0153278868658374,-0.0401679619162596,0.00166089829904771));
#1747=CARTESIAN_POINT('',(-0.0154537313815464,-0.0460041589949808,0.0029357275192069));
#1748=CARTESIAN_POINT('',(-0.0155987415831097,-0.0530053279587767,0.00439075831139749));
#1749=CARTESIAN_POINT('',(-0.0156728389924585,-0.0565076597042118,0.00511435166359699));
#1750=CARTESIAN_POINT('',(-0.0157470818689003,-0.0600127843260367,0.00583479286555229));
#1751=CARTESIAN_POINT('',(-0.0157872521996785,-0.0623411224575002,0.00615721117516172));
#1752=CARTESIAN_POINT('',(-0.0158085658081448,-0.0635007289612919,0.00631670969524957));
#1753=CARTESIAN_POINT('',(-0.0155259342868378,-0.0352779787937977,0.0113388553119401));
#1754=CARTESIAN_POINT('',(-0.015597576781973,-0.0396142681088891,0.0107585560783102));
#1755=CARTESIAN_POINT('',(-0.0156890584880671,-0.0455286165528559,0.00997492646564093));
#1756=CARTESIAN_POINT('',(-0.0157588240550502,-0.0526427598236019,0.00914741073977216));
#1757=CARTESIAN_POINT('',(-0.0157788894123275,-0.0564068530414206,0.00877419120274348));
#1758=CARTESIAN_POINT('',(-0.0157862815489005,-0.0599863973082191,0.00851405456661953));
#1759=CARTESIAN_POINT('',(-0.0157836049193836,-0.0623909906128824,0.00846742848545149));
#1760=CARTESIAN_POINT('',(-0.0158158224734349,-0.0638099033576077,0.00855914233913894));
#1761=CARTESIAN_POINT('',(-0.0155798385925343,-0.0352772202297367,0.0112394312003314));
#1762=CARTESIAN_POINT('',(-0.0156430673725907,-0.0396133615849152,0.0106709165189872));
#1763=CARTESIAN_POINT('',(-0.01572310429491,-0.0455274736205837,0.00990334785425292));
#1764=CARTESIAN_POINT('',(-0.0157793061732944,-0.0526409139108025,0.00909486552077211));
#1765=CARTESIAN_POINT('',(-0.0157922765513677,-0.0564044101742942,0.00873154409345735));
#1766=CARTESIAN_POINT('',(-0.0157929749339272,-0.0599830849224809,0.00848058341292754));
#1767=CARTESIAN_POINT('',(-0.0157858069443514,-0.0623867000702855,0.00843978015998673));
#1768=CARTESIAN_POINT('',(-0.0158152091882865,-0.0638047732672509,0.00853478788045003));
#1769=CARTESIAN_POINT('',(-0.0156617237027459,-0.035274818527416,0.011088667727987));
#1770=CARTESIAN_POINT('',(-0.015712677504758,-0.0396107864268379,0.0105370962183536));
#1771=CARTESIAN_POINT('',(-0.0157759063844409,-0.0455246191836051,0.00979266050303474));
#1772=CARTESIAN_POINT('',(-0.0158114439709472,-0.0526372638793672,0.00901259185000458));
#1773=CARTESIAN_POINT('',(-0.0158132975440671,-0.0564000997917158,0.00866466131516727));
#1774=CARTESIAN_POINT('',(-0.0158032946233405,-0.0599778263197375,0.00842883134533858));
#1775=CARTESIAN_POINT('',(-0.015788902250794,-0.0623803988014071,0.0083989080198314));
#1776=CARTESIAN_POINT('',(-0.0158143694430122,-0.0637975439968945,0.00850064687360256));
#1777=CARTESIAN_POINT('',(-0.0157532176532293,-0.0352741745949833,0.010919779224179));
#1778=CARTESIAN_POINT('',(-0.0157896313277731,-0.0396098650608123,0.010388703200107));
#1779=CARTESIAN_POINT('',(-0.0158331389686103,-0.0455232556762164,0.00967217922776885));
#1780=CARTESIAN_POINT('',(-0.0158456926480579,-0.0526345675628519,0.00892467492233189));
#1781=CARTESIAN_POINT('',(-0.0158356859411411,-0.0563962637056722,0.00859336335648169));
#1782=CARTESIAN_POINT('',(-0.0158146100996967,-0.0599723222848413,0.00837249531267469));
#1783=CARTESIAN_POINT('',(-0.0157928219671039,-0.0623730051023151,0.00835140731350353));
#1784=CARTESIAN_POINT('',(-0.0158133579738968,-0.0637885417690805,0.00845783914267214));
#1785=CARTESIAN_POINT('',(-0.015820192296134,-0.0352712910532126,0.0107966686915873));
#1786=CARTESIAN_POINT('',(-0.0158469389060275,-0.0396068774311759,0.0102787452838636));
#1787=CARTESIAN_POINT('',(-0.015877124460798,-0.0455200984283653,0.00958021115052559));
#1788=CARTESIAN_POINT('',(-0.015872734361988,-0.0526309601062675,0.00885557930874318));
#1789=CARTESIAN_POINT('',(-0.0158533876581916,-0.0563922976163045,0.00853711748783382));
#1790=CARTESIAN_POINT('',(-0.0158231705343907,-0.0599678548608755,0.0083295019872204));
#1791=CARTESIAN_POINT('',(-0.0157951831604239,-0.062368010852529,0.00831880965180094));
#1792=CARTESIAN_POINT('',(-0.015812757820049,-0.0637830431531179,0.00843201587661362));
#1793=CARTESIAN_POINT('',(-0.0158583307668638,-0.0352753411770685,0.01072534618827));
#1794=CARTESIAN_POINT('',(-0.0158772691868011,-0.0396106347601009,0.0102192783679735));
#1795=CARTESIAN_POINT('',(-0.0158972407302289,-0.0455233958416099,0.00953675025194727));
#1796=CARTESIAN_POINT('',(-0.0158834880189406,-0.052632761717073,0.00882742075968142));
#1797=CARTESIAN_POINT('',(-0.0158603803621855,-0.0563927728051978,0.00851466179684513));
#1798=CARTESIAN_POINT('',(-0.0158274104514707,-0.0599663464982293,0.00830916557097158));
#1799=CARTESIAN_POINT('',(-0.0157977589132028,-0.0623641811084068,0.00829512372506054));
#1800=CARTESIAN_POINT('',(-0.0158121314520841,-0.063777335456896,0.00840430340457785));
#1801=CARTESIAN_POINT('',(-0.0159134614313814,-0.0352788638545454,0.0106180815184752));
#1802=CARTESIAN_POINT('',(-0.0159220749571399,-0.0396138288815506,0.0101281048841684));
#1803=CARTESIAN_POINT('',(-0.0159283835291705,-0.0455260718472608,0.00946733923100899));
#1804=CARTESIAN_POINT('',(-0.0159009704339234,-0.0526337897753576,0.00878022059265674));
#1805=CARTESIAN_POINT('',(-0.0158717667849619,-0.0563923536462458,0.00847684266862633));
#1806=CARTESIAN_POINT('',(-0.0158337802325417,-0.0599637694475425,0.0082769966820179));
#1807=CARTESIAN_POINT('',(-0.0158009753065807,-0.062359090042839,0.00826205302357528));
#1808=CARTESIAN_POINT('',(-0.015811362737891,-0.0637701438468539,0.00836850721271581));
#1809=CARTESIAN_POINT('',(-0.0159935181819547,-0.0352853917340092,0.0104534312257167));
#1810=CARTESIAN_POINT('',(-0.015986597554765,-0.0396198205621341,0.0099892710232967));
#1811=CARTESIAN_POINT('',(-0.0159724537473791,-0.0455312183559447,0.00936335510960613));
#1812=CARTESIAN_POINT('',(-0.0159252571243461,-0.0526362478346921,0.00871094963318998));
#1813=CARTESIAN_POINT('',(-0.0158875525420957,-0.0563924495421055,0.00842167348579149));
#1814=CARTESIAN_POINT('',(-0.0158428379230254,-0.0599603330333429,0.00822935096400853));
#1815=CARTESIAN_POINT('',(-0.0158059480227849,-0.0623515237187443,0.00821104682752472));
#1816=CARTESIAN_POINT('',(-0.0158102124693654,-0.0637590689065628,0.00831133031596388));
#1817=CARTESIAN_POINT('',(-0.0161134846471067,-0.035294043215952,0.0101823795443411));
#1818=CARTESIAN_POINT('',(-0.0160838180098449,-0.039627713578241,0.00975994725624299));
#1819=CARTESIAN_POINT('',(-0.016039641905136,-0.0455379132550748,0.00919032026105166));
#1820=CARTESIAN_POINT('',(-0.0159626885321781,-0.0526391946421904,0.00859493279657253));
#1821=CARTESIAN_POINT('',(-0.0159118459265419,-0.0563921257976518,0.00832963809705554));
#1822=CARTESIAN_POINT('',(-0.015856436218175,-0.0599551092801685,0.0081515620281686));
#1823=CARTESIAN_POINT('',(-0.0158131395531068,-0.0623405683788448,0.00813073697359194));
#1824=CARTESIAN_POINT('',(-0.0158086326483347,-0.063743008784761,0.00822258615525154));
#1825=CARTESIAN_POINT('',(-0.0162787151128752,-0.0353068288892782,0.00974150933165017));
#1826=CARTESIAN_POINT('',(-0.0162175153764896,-0.0396394229362438,0.00938793401152718));
#1827=CARTESIAN_POINT('',(-0.0161317415043226,-0.0455479215851352,0.00891105174179553));
#1828=CARTESIAN_POINT('',(-0.0160136985557975,-0.0526439404160844,0.00840964415275056));
#1829=CARTESIAN_POINT('',(-0.0159448084140867,-0.0563922989342328,0.0081841244586671));
#1830=CARTESIAN_POINT('',(-0.015874802028305,-0.059948388036015,0.00802999685107015));
#1831=CARTESIAN_POINT('',(-0.015823182431089,-0.0623257570820855,0.00800595162841175));
#1832=CARTESIAN_POINT('',(-0.0158065924463284,-0.0637205645577576,0.00808281158773826));
#1833=CARTESIAN_POINT('',(-0.016466018313796,-0.0353202775064039,0.00907341776855394));
#1834=CARTESIAN_POINT('',(-0.0163696840349208,-0.0396517193728923,0.0088237400838472));
#1835=CARTESIAN_POINT('',(-0.0162374061426113,-0.0455583977858116,0.008486741306681));
#1836=CARTESIAN_POINT('',(-0.016072411796654,-0.0526488616142064,0.00812956002946239));
#1837=CARTESIAN_POINT('',(-0.0159824837182894,-0.0563924197714826,0.00796710286862994));
#1838=CARTESIAN_POINT('',(-0.015895172029749,-0.0599411727757427,0.00785405687874528));
#1839=CARTESIAN_POINT('',(-0.0158342229949634,-0.0623099011308028,0.00783197655633796));
#1840=CARTESIAN_POINT('',(-0.0158045915169494,-0.0636957307594528,0.00788793547676187));
#1841=CARTESIAN_POINT('',(-0.0166174202097541,-0.0353304228556884,0.00810710073707602));
#1842=CARTESIAN_POINT('',(-0.016493067770183,-0.0396610254184417,0.00800829194467585));
#1843=CARTESIAN_POINT('',(-0.016323513099704,-0.0455663866183503,0.00787467787143864));
#1844=CARTESIAN_POINT('',(-0.0161200581463482,-0.0526527845653212,0.00773137736813797));
#1845=CARTESIAN_POINT('',(-0.0160126502356149,-0.056392811406816,0.00766527575014252));
#1846=CARTESIAN_POINT('',(-0.0159108581177336,-0.0599359959576464,0.00761860755409217));
#1847=CARTESIAN_POINT('',(-0.0158428132381283,-0.06229810678629,0.00760787304828325));
#1848=CARTESIAN_POINT('',(-0.0158032114130535,-0.0636761297448972,0.00763304784175172));
#1849=CARTESIAN_POINT('',(-0.0166476888623745,-0.0353296428065543,0.00681192937313096));
#1850=CARTESIAN_POINT('',(-0.0165183150301887,-0.0396602070866026,0.00690767093030095));
#1851=CARTESIAN_POINT('',(-0.0163419347639686,-0.0455655133763673,0.00703758427889044));
#1852=CARTESIAN_POINT('',(-0.0161306449530304,-0.0526516929965418,0.00718414045992236));
#1853=CARTESIAN_POINT('',(-0.0160193306013707,-0.056391512138114,0.00725629560842828));
#1854=CARTESIAN_POINT('',(-0.0159140390732206,-0.0599342891905807,0.00731613608583875));
#1855=CARTESIAN_POINT('',(-0.0158441910218067,-0.0622958838960697,0.0073451047208224));
#1856=CARTESIAN_POINT('',(-0.0158030051820993,-0.0636729565630848,0.00734595279020524));
#1857=CARTESIAN_POINT('',(-0.016512978014543,-0.0353200551057001,0.00535561511905575));
#1858=CARTESIAN_POINT('',(-0.0164068918207183,-0.0396512375713241,0.00566374741298163));
#1859=CARTESIAN_POINT('',(-0.0162619037174832,-0.0455574967552291,0.00608224240100975));
#1860=CARTESIAN_POINT('',(-0.0160852532801812,-0.0526467803590104,0.00655535589140494));
#1861=CARTESIAN_POINT('',(-0.0159906688860241,-0.0563893554055758,0.00678851024463242));
#1862=CARTESIAN_POINT('',(-0.0158999838225127,-0.0599367463561793,0.00698026593465543));
#1863=CARTESIAN_POINT('',(-0.0158375678101656,-0.0623039286170089,0.00707121376074477));
#1864=CARTESIAN_POINT('',(-0.0158040335747875,-0.0636887423682895,0.00706122282135319));
#1865=CARTESIAN_POINT('',(-0.0162649476692976,-0.035306287749954,0.00399434881431886));
#1866=CARTESIAN_POINT('',(-0.0162007563985368,-0.0396384158850042,0.00449809281589447));
#1867=CARTESIAN_POINT('',(-0.0161124382402092,-0.0455461178933655,0.00518272271986135));
#1868=CARTESIAN_POINT('',(-0.0159995723434864,-0.0526402571111215,0.00596090023825339));
#1869=CARTESIAN_POINT('',(-0.0159363761515801,-0.0563872080719495,0.00634661859221111));
#1870=CARTESIAN_POINT('',(-0.0158735893307226,-0.0599421058543176,0.00666683125955906));
#1871=CARTESIAN_POINT('',(-0.01582590157941,-0.0623185443177156,0.00682286161364459));
#1872=CARTESIAN_POINT('',(-0.0158061277598061,-0.0637166838255023,0.00681146422376337));
#1873=CARTESIAN_POINT('',(-0.0159995341194654,-0.0352924292370522,0.00292799145128283));
#1874=CARTESIAN_POINT('',(-0.0159797856617739,-0.039625512784386,0.00358372333157179));
#1875=CARTESIAN_POINT('',(-0.0159516531899529,-0.0455346660360754,0.00447525266733075));
#1876=CARTESIAN_POINT('',(-0.0159069957690699,-0.0526337690285722,0.00549191675663259));
#1877=CARTESIAN_POINT('',(-0.0158775882141539,-0.0563852374938092,0.00599757885700861));
#1878=CARTESIAN_POINT('',(-0.0158450405739457,-0.0599479211181201,0.00642006515505288));
#1879=CARTESIAN_POINT('',(-0.0158136283238218,-0.0623341340305491,0.00662912299389443));
#1880=CARTESIAN_POINT('',(-0.0158086987080766,-0.063746150078294,0.0066207543281312));
#1881=CARTESIAN_POINT('',(-0.0157656476100274,-0.0352807767217145,0.00213596573387271));
#1882=CARTESIAN_POINT('',(-0.0157848380004949,-0.0396146799936354,0.00290387144320213));
#1883=CARTESIAN_POINT('',(-0.0158094656639928,-0.0455250770493744,0.00394813768244485));
#1884=CARTESIAN_POINT('',(-0.0158248313154277,-0.0526284616448099,0.00514133141756543));
#1885=CARTESIAN_POINT('',(-0.0158252855263998,-0.0563838491933846,0.00573600123191187));
#1886=CARTESIAN_POINT('',(-0.0158195890725863,-0.0599532608138451,0.00623495141144201));
#1887=CARTESIAN_POINT('',(-0.0158029269756556,-0.0623480354437402,0.00648400530911654));
#1888=CARTESIAN_POINT('',(-0.0158112288686182,-0.0637718358265356,0.0064802472603588));
#1889=CARTESIAN_POINT('',(-0.0155839693975293,-0.0352711358989294,0.00158085392036458));
#1890=CARTESIAN_POINT('',(-0.0156334579946608,-0.0396056905603814,0.00242739470950749));
#1891=CARTESIAN_POINT('',(-0.0156991315914475,-0.0455170757019015,0.00357873551820725));
#1892=CARTESIAN_POINT('',(-0.0157611202995939,-0.0526238758683609,0.00489560348189406));
#1893=CARTESIAN_POINT('',(-0.0157847317836224,-0.0563824043255825,0.00555253499136422));
#1894=CARTESIAN_POINT('',(-0.0157998321661266,-0.0599571770754861,0.00610490958957706));
#1895=CARTESIAN_POINT('',(-0.0157946006329078,-0.0623588536201334,0.0063814611850569));
#1896=CARTESIAN_POINT('',(-0.0158133708878335,-0.0637918285558812,0.00638111225843761));
#1897=CARTESIAN_POINT('',(-0.0154288576916595,-0.0352638950789935,0.00113966347139508));
#1898=CARTESIAN_POINT('',(-0.0155039968821579,-0.0395989822537116,0.00204808238070559));
#1899=CARTESIAN_POINT('',(-0.0156044412428497,-0.0455111758789162,0.00328369360854743));
#1900=CARTESIAN_POINT('',(-0.0157061405693974,-0.052620768957543,0.00469822617981075));
#1901=CARTESIAN_POINT('',(-0.0157496058953718,-0.0563818692074967,0.00540451855635169));
#1902=CARTESIAN_POINT('',(-0.0157826562528336,-0.059961005952187,0.00599969116347822));
#1903=CARTESIAN_POINT('',(-0.0157875901908915,-0.0623683295902115,0.00629881048266621));
#1904=CARTESIAN_POINT('',(-0.0158152897234919,-0.0638086193450279,0.00630296005601316));
#1905=CARTESIAN_POINT('',(-0.0152783780191572,-0.0352536066180075,0.000737097811690969));
#1906=CARTESIAN_POINT('',(-0.0153789758824768,-0.0395892958572452,0.00170332534091738));
#1907=CARTESIAN_POINT('',(-0.0155138663388351,-0.0455024025872614,0.0030176364037455));
#1908=CARTESIAN_POINT('',(-0.0156542655642859,-0.05261517230861,0.00452240210293055));
#1909=CARTESIAN_POINT('',(-0.0157167200193465,-0.0563792154953816,0.00527363185075937));
#1910=CARTESIAN_POINT('',(-0.0157666271941418,-0.0599633209769237,0.00590662287134252));
#1911=CARTESIAN_POINT('',(-0.0157805483466494,-0.0623771583680337,0.0062235339246169));
#1912=CARTESIAN_POINT('',(-0.0158173307383209,-0.0638255673629512,0.00622828675111007));
#1913=CARTESIAN_POINT('',(-0.0151550232159437,-0.0352590535428796,0.000416978146592496));
#1914=CARTESIAN_POINT('',(-0.0152739158548226,-0.0395948857423297,0.00142265354940424));
#1915=CARTESIAN_POINT('',(-0.0154338281094665,-0.045508215300442,0.0027907984345284));
#1916=CARTESIAN_POINT('',(-0.0156050470281285,-0.0526216879720145,0.00436143472459038));
#1917=CARTESIAN_POINT('',(-0.0156842065624536,-0.0563863457171627,0.00514823190192018));
#1918=CARTESIAN_POINT('',(-0.0157503582992553,-0.0599714460463783,0.00581635514818286));
#1919=CARTESIAN_POINT('',(-0.0157758651516481,-0.0623864618059303,0.00615887399764956));
#1920=CARTESIAN_POINT('',(-0.0158187053743538,-0.0638363884658655,0.00618161139139362));
#1921=CARTESIAN_POINT('',(-0.0150889458152485,-0.0352590905030365,0.000243446487311984));
#1922=CARTESIAN_POINT('',(-0.0152181732070494,-0.0395950720809568,0.00127190113583361));
#1923=CARTESIAN_POINT('',(-0.0153921566287293,-0.0455086301845532,0.00267110000770867));
#1924=CARTESIAN_POINT('',(-0.0155800748508256,-0.0526228741828038,0.00427870169402819));
#1925=CARTESIAN_POINT('',(-0.0156679490949332,-0.0563882345495742,0.00508481434713193));
#1926=CARTESIAN_POINT('',(-0.0157423054153091,-0.0599745063949841,0.00577089937655911));
#1927=CARTESIAN_POINT('',(-0.0157731524160243,-0.0623910173048687,0.00612484634413088));
#1928=CARTESIAN_POINT('',(-0.0158195459013476,-0.0638428183780004,0.00615359211732605));
#1929=CARTESIAN_POINT('',(-0.0152281484819589,-0.0355,0.000646873210162786));
#1930=CARTESIAN_POINT('',(-0.0158668978456675,-0.0355,0.00232212362337425));
#1931=CARTESIAN_POINT('',(-0.016476403926984,-0.0355,0.00450074954797395));
#1932=CARTESIAN_POINT('',(-0.0166486033488433,-0.0355,0.00716835819629146));
#1933=CARTESIAN_POINT('',(-0.0165766171803243,-0.0355,0.0085241407798926));
#1934=CARTESIAN_POINT('',(-0.0162917295161168,-0.0355,0.00982298333342674));
#1935=CARTESIAN_POINT('',(-0.0158918033637372,-0.0355,0.0106393993905461));
#1936=CARTESIAN_POINT('',(-0.0156761106088584,-0.0355,0.0110382084932233));
#1937=CARTESIAN_POINT('',(-0.0156761106088584,-0.0355,0.0110382084932233));
#1938=CARTESIAN_POINT('',(-0.0156761106088825,-0.0354999999994748,0.0110382084932343));
#1939=CARTESIAN_POINT('',(-0.01568219471685,-0.036791839848193,0.0108901729725286));
#1940=CARTESIAN_POINT('',(-0.0156945527198604,-0.0393750622172476,0.0105952293870117));
#1941=CARTESIAN_POINT('',(-0.0157134105801002,-0.0432457696964271,0.0101586464637386));
#1942=CARTESIAN_POINT('',(-0.0157328459217585,-0.0471142250574173,0.00972979162826816));
#1943=CARTESIAN_POINT('',(-0.0157488103802113,-0.0503459860258744,0.00938332785802617));
#1944=CARTESIAN_POINT('',(-0.0157621231675669,-0.0529383226459226,0.00911542843494011));
#1945=CARTESIAN_POINT('',(-0.0157714607111595,-0.0548880863356962,0.00892342238715616));
#1946=CARTESIAN_POINT('',(-0.0157810578807359,-0.0568390801717302,0.00874126720995934));
#1947=CARTESIAN_POINT('',(-0.0157908210904934,-0.0588293355065269,0.00857065974341584));
#1948=CARTESIAN_POINT('',(-0.0157978792728707,-0.0605405951775752,0.00845021781245218));
#1949=CARTESIAN_POINT('',(-0.015803536633642,-0.0617689449051291,0.00837517084091288));
#1950=CARTESIAN_POINT('',(-0.0158066656672718,-0.0627116753012912,0.0083362180113803));
#1951=CARTESIAN_POINT('',(-0.0158083659990429,-0.0632375669701301,0.00832225911706862));
#1952=CARTESIAN_POINT('',(-0.0158093066918381,-0.0635000895243328,0.00831735604767421));
#1953=CARTESIAN_POINT('',(0.0157142895391951,-0.0353005271229373,0.0109120011017432));
#1954=CARTESIAN_POINT('',(0.0157415025051883,-0.0447828046487143,0.00984882189347594));
#1955=CARTESIAN_POINT('',(0.0157928643283047,-0.0542625098223884,0.00876739118514846));
#1956=CARTESIAN_POINT('',(0.0158562341951453,-0.0637395734502499,0.00766646119433728));
#1957=CARTESIAN_POINT('',(0.015683806511271,-0.0353036290600109,0.0110281425514113));
#1958=CARTESIAN_POINT('',(0.0157179393307282,-0.0447858636236426,0.00997209255660977));
#1959=CARTESIAN_POINT('',(0.01577624735416,-0.0542654869104412,0.00889765546337967));
#1960=CARTESIAN_POINT('',(0.0158465290316438,-0.0637424475514623,0.00780364582118681));
#1961=CARTESIAN_POINT('',(0.0156488916900015,-0.0353042270471815,0.0111604730495624));
#1962=CARTESIAN_POINT('',(0.0156908743402219,-0.0447862266484583,0.0101124993017379));
#1963=CARTESIAN_POINT('',(0.0157569576434518,-0.0542656917843713,0.0090464414439192));
#1964=CARTESIAN_POINT('',(0.0158350822741701,-0.063742564734176,0.0079609781888216));
#1965=CARTESIAN_POINT('',(0.0155949948333182,-0.0353102712699797,0.0113659994711645));
#1966=CARTESIAN_POINT('',(0.015649228619463,-0.0447922295643688,0.0103306493212477));
#1967=CARTESIAN_POINT('',(0.0157276292744567,-0.0542715617645858,0.00927688905758371));
#1968=CARTESIAN_POINT('',(0.0158179903034043,-0.0637482466871111,0.00820354665922294));
#1969=CARTESIAN_POINT('',(0.0155662558078369,-0.0353075003322113,0.0114741709173746));
#1970=CARTESIAN_POINT('',(0.0156268675777685,-0.0447890599100182,0.0104453702541596));
#1971=CARTESIAN_POINT('',(0.015711469127282,-0.0542681907426857,0.00939891517446496));
#1972=CARTESIAN_POINT('',(0.0158082050306208,-0.0637448368403041,0.00833329293253461));
#1973=CARTESIAN_POINT('',(0.0155159711429896,-0.0353050743062603,0.0116538380992066));
#1974=CARTESIAN_POINT('',(0.0155870040454934,-0.044786457299632,0.0106360078062984));
#1975=CARTESIAN_POINT('',(0.0156818855049202,-0.0542662483221715,0.00960094358081172));
#1976=CARTESIAN_POINT('',(0.0157889971677778,-0.0637443807792668,0.00854693746653399));
#1977=CARTESIAN_POINT('',(0.0154394266240364,-0.0352932537475764,0.0119079219500181));
#1978=CARTESIAN_POINT('',(0.0155247425924469,-0.0447744810872495,0.0109055811293268));
#1979=CARTESIAN_POINT('',(0.0156335481677774,-0.0542567232986478,0.00988701521513183));
#1980=CARTESIAN_POINT('',(0.0157548202852674,-0.0637398716526232,0.00885003888592058));
#1981=CARTESIAN_POINT('',(0.015317755749708,-0.035268809428606,0.0122752675570746));
#1982=CARTESIAN_POINT('',(0.015422883395334,-0.0447506652297715,0.0112954456757915));
#1983=CARTESIAN_POINT('',(0.0155510233094819,-0.0542398823805271,0.0103001170647309));
#1984=CARTESIAN_POINT('',(0.0156918092839228,-0.0637363271086847,0.0092867064624643));
#1985=CARTESIAN_POINT('',(0.0151203941262421,-0.0352117516313508,0.0127990123305213));
#1986=CARTESIAN_POINT('',(0.0152519435859751,-0.0446958210404381,0.0118514891037188));
#1987=CARTESIAN_POINT('',(0.0154056919274423,-0.0542019179785559,0.0108890447628924));
#1988=CARTESIAN_POINT('',(0.0155722708594288,-0.063729880602879,0.00990865783854705));
#1989=CARTESIAN_POINT('',(0.0148119511868425,-0.0350994085278531,0.0134985259830671));
#1990=CARTESIAN_POINT('',(0.0149754908626062,-0.0445890622234034,0.0125946667808034));
#1991=CARTESIAN_POINT('',(0.0151601160024179,-0.0541303241071086,0.0116752685210797));
#1992=CARTESIAN_POINT('',(0.0153575725468801,-0.063723037934654,0.0107371445403704));
#1993=CARTESIAN_POINT('',(0.0142783446698914,-0.0348667653313946,0.0144956907030418));
#1994=CARTESIAN_POINT('',(0.0144808145262721,-0.0443693109289819,0.0136553980756478));
#1995=CARTESIAN_POINT('',(0.0147028217654539,-0.0539851453429446,0.012796436103357));
#1996=CARTESIAN_POINT('',(0.0149373712970351,-0.0637141627320556,0.011915895284107));
#1997=CARTESIAN_POINT('',(0.0134067412473443,-0.0344415432935842,0.0157814235287675));
#1998=CARTESIAN_POINT('',(0.0136468958874768,-0.0439694188909953,0.0150261771075743));
#1999=CARTESIAN_POINT('',(0.0139050001520054,-0.0537243046466818,0.0142443594610592));
#2000=CARTESIAN_POINT('',(0.0141749293379856,-0.0637062068818029,0.0134340867190667));
#2001=CARTESIAN_POINT('',(0.011833188940521,-0.0336454433877408,0.0175309523160502));
#2002=CARTESIAN_POINT('',(0.0120997822613116,-0.0432226896860837,0.0168983093936757));
#2003=CARTESIAN_POINT('',(0.0123830189499743,-0.0532411855154502,0.0162228251007994));
#2004=CARTESIAN_POINT('',(0.0126768796474325,-0.0637010506983797,0.0155043552527474));
#2005=CARTESIAN_POINT('',(0.00943370068016845,-0.0324952013352454,0.0193805875073435));
#2006=CARTESIAN_POINT('',(0.0096853914490211,-0.0421454975230588,0.0188887130140398));
#2007=CARTESIAN_POINT('',(0.00995263617816853,-0.0525485150346865,0.0183305378720764));
#2008=CARTESIAN_POINT('',(0.0102287334374337,-0.0637041834777611,0.0177072945169344));
#2009=CARTESIAN_POINT('',(0.00621253393620081,-0.0312409857549332,0.020943485999362));
#2010=CARTESIAN_POINT('',(0.00639551282715754,-0.0409714748900616,0.020580726055983));
#2011=CARTESIAN_POINT('',(0.00659075681472849,-0.0517959121868342,0.0201272417857304));
#2012=CARTESIAN_POINT('',(0.00679206772021133,-0.0637133347425623,0.0195841163407672));
#2013=CARTESIAN_POINT('',(0.00299013803686138,-0.0304175211311619,0.0217827615583987));
#2014=CARTESIAN_POINT('',(0.00308027033839037,-0.0402006784363877,0.0214939386465118));
#2015=CARTESIAN_POINT('',(0.00317746426608094,-0.0513024486905397,0.0210987546633792));
#2016=CARTESIAN_POINT('',(0.00327784750363016,-0.0637208745522722,0.0205975094323214));
#2017=CARTESIAN_POINT('',(-2.10950839155636E-6,-0.030144529466797,0.0220203698975336));
#2018=CARTESIAN_POINT('',(-2.17178007360768E-6,-0.0399451341760686,0.0217533883399215));
#2019=CARTESIAN_POINT('',(-2.24004595153529E-6,-0.0511389068551704,0.0213749470460679));
#2020=CARTESIAN_POINT('',(-2.31092461202523E-6,-0.0637235020084931,0.0208849934245432));
#2021=CARTESIAN_POINT('',(-0.00299436074525644,-0.0304183155395025,0.0217820248619741));
#2022=CARTESIAN_POINT('',(-0.00308462138432295,-0.040201422053946,0.0214931352901608));
#2023=CARTESIAN_POINT('',(-0.00318195124408029,-0.0513029245993494,0.0210978995909526));
#2024=CARTESIAN_POINT('',(-0.00328247416679236,-0.0637208669197596,0.0205966185325281));
#2025=CARTESIAN_POINT('',(-0.00621653336567501,-0.0312423037965449,0.0209420137476348));
#2026=CARTESIAN_POINT('',(-0.00639961572075236,-0.0409727086463081,0.0205791276197639));
#2027=CARTESIAN_POINT('',(-0.00659496884466143,-0.0517967025382895,0.0201255423985955));
#2028=CARTESIAN_POINT('',(-0.00679639256677384,-0.0637133238863994,0.0195823420854908));
#2029=CARTESIAN_POINT('',(-0.00943725381209525,-0.0324967689690182,0.0193783807379011));
#2030=CARTESIAN_POINT('',(-0.00968899754316542,-0.0421469647505604,0.0188863306836257));
#2031=CARTESIAN_POINT('',(-0.00995629740954547,-0.0525494555071569,0.0183280115556048));
#2032=CARTESIAN_POINT('',(-0.0102324527103368,-0.0637041714955582,0.0177046548751501));
#2033=CARTESIAN_POINT('',(-0.0118361419020244,-0.0336469272060928,0.0175282901189592));
#2034=CARTESIAN_POINT('',(-0.0121027291178461,-0.0432240804714612,0.0168954514517663));
#2035=CARTESIAN_POINT('',(-0.0123859612136248,-0.0532420835780625,0.0162198013808848));
#2036=CARTESIAN_POINT('',(-0.0126798193024083,-0.063701056377535,0.01550119344668));
#2037=CARTESIAN_POINT('',(-0.0134091504474813,-0.0344427408251778,0.0157783257917483));
#2038=CARTESIAN_POINT('',(-0.0136492343328232,-0.0439705422478574,0.0150228685821185));
#2039=CARTESIAN_POINT('',(-0.013907270454788,-0.0537250303309043,0.0142408654979554));
#2040=CARTESIAN_POINT('',(-0.0141771337277143,-0.0637062110535214,0.0134304291765834));
#2041=CARTESIAN_POINT('',(-0.0142802958871813,-0.0348677046611642,0.0144925442859926));
#2042=CARTESIAN_POINT('',(-0.0144826616127604,-0.0443701969805172,0.0136520470883581));
#2043=CARTESIAN_POINT('',(-0.0147045696392565,-0.0539857304990213,0.0127928946357238));
#2044=CARTESIAN_POINT('',(-0.0149390211006644,-0.063714199226093,0.0119121761576501));
#2045=CARTESIAN_POINT('',(-0.0148136427770394,-0.0351000564674315,0.013494989494671));
#2046=CARTESIAN_POINT('',(-0.0149770299418352,-0.0445896733354685,0.0125909072569188));
#2047=CARTESIAN_POINT('',(-0.0151615072736572,-0.0541307218514434,0.0116712960965123));
#2048=CARTESIAN_POINT('',(-0.0153588173106981,-0.0637230454632781,0.0107329677412886));
#2049=CARTESIAN_POINT('',(-0.0151217596958101,-0.0352122550278321,0.0127957714130693));
#2050=CARTESIAN_POINT('',(-0.0152531566913582,-0.0446963042491803,0.0118480473337996));
#2051=CARTESIAN_POINT('',(-0.0154067589897016,-0.0542022563904895,0.0108853980032584));
#2052=CARTESIAN_POINT('',(-0.0155731903997994,-0.063729949925972,0.00990480552224782));
#2053=CARTESIAN_POINT('',(-0.0153191175809055,-0.0352690649909912,0.0122713109251832));
#2054=CARTESIAN_POINT('',(-0.0154240353325144,-0.0447509072906851,0.0112912450962975));
#2055=CARTESIAN_POINT('',(-0.015551968694861,-0.0542400321233134,0.0102956749499568));
#2056=CARTESIAN_POINT('',(-0.0156925484811668,-0.0637363054377283,0.00928202504478774));
#2057=CARTESIAN_POINT('',(-0.0154404146485258,-0.0352935321571948,0.011904913315389));
#2058=CARTESIAN_POINT('',(-0.0155255683766766,-0.0447747608679561,0.0109023896381258));
#2059=CARTESIAN_POINT('',(-0.0156342188072869,-0.0542569519523811,0.00988362055436208));
#2060=CARTESIAN_POINT('',(-0.0157553309620968,-0.0637399977142308,0.00884643039659506));
#2061=CARTESIAN_POINT('',(-0.0155172909373601,-0.0353050462768453,0.0116491790602906));
#2062=CARTESIAN_POINT('',(-0.0155880541001406,-0.0447864253471965,0.0106310623703997));
#2063=CARTESIAN_POINT('',(-0.0156826656295466,-0.0542661897722006,0.0095957189337464));
#2064=CARTESIAN_POINT('',(-0.0157895090843312,-0.0637442721914545,0.00854143773780621));
#2065=CARTESIAN_POINT('',(-0.0155669674334991,-0.0353077116047548,0.0114716365511494));
#2066=CARTESIAN_POINT('',(-0.0156274336382492,-0.044789286015868,0.0104426841401585));
#2067=CARTESIAN_POINT('',(-0.0157118981672093,-0.0542684145210622,0.00939604219238284));
#2068=CARTESIAN_POINT('',(-0.0158084888872396,-0.063745042975605,0.00833021388916422));
#2069=CARTESIAN_POINT('',(-0.015596274143153,-0.0353101192607756,0.0113610951253493));
#2070=CARTESIAN_POINT('',(-0.0156502150379118,-0.0447920788623533,0.0103254437660509));
#2071=CARTESIAN_POINT('',(-0.0157283211204278,-0.0542714162743776,0.00927139013098678));
#2072=CARTESIAN_POINT('',(-0.0158183895270838,-0.0637481094346841,0.00819775859381696));
#2073=CARTESIAN_POINT('',(-0.0156499360099445,-0.0353042255179614,0.0111565504682378));
#2074=CARTESIAN_POINT('',(-0.0156916867841513,-0.0447862320231329,0.0101083374098092));
#2075=CARTESIAN_POINT('',(-0.0157575407635632,-0.0542656992442819,0.00904203029087924));
#2076=CARTESIAN_POINT('',(-0.0158354338330179,-0.0637425697096457,0.00795631230775297));
#2077=CARTESIAN_POINT('',(-0.0156850820546553,-0.0353034795989027,0.0110232549087476));
#2078=CARTESIAN_POINT('',(-0.0157189230014147,-0.0447857155561888,0.00996690473668635));
#2079=CARTESIAN_POINT('',(-0.0157769375394402,-0.0542653439969518,0.00889217501086364));
#2080=CARTESIAN_POINT('',(-0.0158469276126641,-0.0637423126918367,0.00779787680983348));
#2081=CARTESIAN_POINT('',(-0.0157154686673394,-0.0353004394165832,0.0109075163641776));
#2082=CARTESIAN_POINT('',(-0.0157424147988349,-0.0447827206319313,0.00984406237922631));
#2083=CARTESIAN_POINT('',(-0.0157935099116851,-0.0542624296759478,0.00876235713956688));
#2084=CARTESIAN_POINT('',(-0.0158566132310539,-0.0637394969571935,0.00766115271119631));
#2085=CARTESIAN_POINT('',(-0.0156761092117248,-0.0355,0.0110382139899808));
#2086=CARTESIAN_POINT('',(-0.0154600539291926,-0.0355,0.0118665223645584));
#2087=CARTESIAN_POINT('',(-0.0149175492306796,-0.0355000000000001,0.0134672787127076));
#2088=CARTESIAN_POINT('',(-0.0135213436488138,-0.0354999999999997,0.0156469252697945));
#2089=CARTESIAN_POINT('',(-0.0117683824714754,-0.0355000000000001,0.0174941366655828));
#2090=CARTESIAN_POINT('',(-0.00969756606911685,-0.0355,0.019041228962186));
#2091=CARTESIAN_POINT('',(-0.00746401866158419,-0.0355,0.0202375815875306));
#2092=CARTESIAN_POINT('',(-0.00424614486305815,-0.0355,0.021419377257772));
#2093=CARTESIAN_POINT('',(-0.000874617761722733,-0.0355,0.0219211558160878));
#2094=CARTESIAN_POINT('',(0.00255209604897103,-0.0355,0.0216684633068857));
#2095=CARTESIAN_POINT('',(0.00502447742735008,-0.0355,0.0211319068819504));
#2096=CARTESIAN_POINT('',(0.00745063753879739,-0.0355,0.0202441244862297));
#2097=CARTESIAN_POINT('',(0.00968247056051345,-0.0355,0.0190495772971053));
#2098=CARTESIAN_POINT('',(0.0117401480620725,-0.0355,0.0175190094036579));
#2099=CARTESIAN_POINT('',(0.0135084047516271,-0.0355,0.0156640842371196));
#2100=CARTESIAN_POINT('',(0.0149092344322121,-0.0355,0.0134865754610633));
#2101=CARTESIAN_POINT('',(0.015459630808619,-0.0355,0.0118681445470055));
#2102=CARTESIAN_POINT('',(0.0156761167159874,-0.0355,0.011038185210471));
#2103=CARTESIAN_POINT('',(0.0156761123974923,-0.0355000016036165,0.0110381990207555));
#2104=CARTESIAN_POINT('',(0.0156761167159903,-0.0355000000006022,0.0110381852104017));
#2105=CARTESIAN_POINT('',(0.0156980659957052,-0.0401695475264823,0.0105032456359511));
#2106=CARTESIAN_POINT('',(0.015727321677679,-0.0460063776179941,0.00983531803347829));
#2107=CARTESIAN_POINT('',(0.0157618035579267,-0.0530093146133129,0.00911051899834594));
#2108=CARTESIAN_POINT('',(0.0157817156916839,-0.0565122791569607,0.00874824830251085));
#2109=CARTESIAN_POINT('',(0.0157948798011516,-0.0600115132648453,0.00847910053069491));
#2110=CARTESIAN_POINT('',(0.0158029136060449,-0.0623383236853212,0.00837939232477316));
#2111=CARTESIAN_POINT('',(0.0158088956555285,-0.0635002745674162,0.00831769395508021));
#2112=CARTESIAN_POINT('',(0.0150536798137507,-0.0352548882481921,0.000150419315898271));
#2113=CARTESIAN_POINT('',(0.0151883383942504,-0.0395916562460424,0.00119089413858131));
#2114=CARTESIAN_POINT('',(0.0153697267224064,-0.045506298087977,0.00260648555820425));
#2115=CARTESIAN_POINT('',(0.0155665306166695,-0.0526220632381954,0.00423376124235487));
#2116=CARTESIAN_POINT('',(0.0156590948168557,-0.0563883565278102,0.00505025655262191));
#2117=CARTESIAN_POINT('',(0.0157379107682046,-0.0599757363789811,0.00574617188215656));
#2118=CARTESIAN_POINT('',(0.0157717406979375,-0.0623932959012986,0.00610665587093834));
#2119=CARTESIAN_POINT('',(0.0158199826828439,-0.063846162420414,0.00613918685233314));
#2120=CARTESIAN_POINT('',(0.0151120718095136,-0.0352542652856073,0.000303020326186569));
#2121=CARTESIAN_POINT('',(0.01523770756568,-0.0395909161789638,0.00132375082800153));
#2122=CARTESIAN_POINT('',(0.0154067986137671,-0.0455053783930018,0.00271241938406398));
#2123=CARTESIAN_POINT('',(0.0155888843636972,-0.0526205426574751,0.0043074485106734));
#2124=CARTESIAN_POINT('',(0.0156736989816414,-0.0563862912989308,0.00510696690518331));
#2125=CARTESIAN_POINT('',(0.0157451610277707,-0.0599727668629882,0.00578686575986401));
#2126=CARTESIAN_POINT('',(0.0157740905848328,-0.0623891815995545,0.0061367996690845));
#2127=CARTESIAN_POINT('',(0.0158192496694486,-0.063840613078334,0.00616327240159597));
#2128=CARTESIAN_POINT('',(0.0152006959662205,-0.0352524979599612,0.000535501882919392));
#2129=CARTESIAN_POINT('',(0.0153127884015482,-0.0395889921045796,0.00152652044852596));
#2130=CARTESIAN_POINT('',(0.015463403665739,-0.0455032132150352,0.00287466631455393));
#2131=CARTESIAN_POINT('',(0.0156232038650388,-0.052617579480038,0.00442089435759054));
#2132=CARTESIAN_POINT('',(0.0156961904854776,-0.0563826096683685,0.00519454956187786));
#2133=CARTESIAN_POINT('',(0.0157563521047578,-0.0599678955472397,0.00584975059096694));
#2134=CARTESIAN_POINT('',(0.0157776071832567,-0.0623828226082854,0.00618293839828924));
#2135=CARTESIAN_POINT('',(0.0158181873504848,-0.0638323657639563,0.00619920351060112));
#2136=CARTESIAN_POINT('',(0.0153264659467916,-0.0352517501634289,0.000863550930235447));
#2137=CARTESIAN_POINT('',(0.0154190162389077,-0.0395879770223917,0.00181185884524238));
#2138=CARTESIAN_POINT('',(0.0155430097123124,-0.0455017886823612,0.00310177140660094));
#2139=CARTESIAN_POINT('',(0.0156710772702735,-0.0526147789490339,0.00457844182059805));
#2140=CARTESIAN_POINT('',(0.0157274273249908,-0.0563785586300364,0.00531559912535446));
#2141=CARTESIAN_POINT('',(0.0157718677775535,-0.0599617639208452,0.00593658292469664));
#2142=CARTESIAN_POINT('',(0.0157827657820527,-0.0623740455077565,0.00624757319658739));
#2143=CARTESIAN_POINT('',(0.0158166895830187,-0.0638202744538439,0.00625153383293011));
#2144=CARTESIAN_POINT('',(0.0154251981909374,-0.0352596020400735,0.0011306320501722));
#2145=CARTESIAN_POINT('',(0.0155008376568068,-0.0395954064219519,0.00204006014703338));
#2146=CARTESIAN_POINT('',(0.0156019717114738,-0.045508577880461,0.00327705262107465));
#2147=CARTESIAN_POINT('',(0.0157045718286552,-0.0526193352273106,0.00469337311615306));
#2148=CARTESIAN_POINT('',(0.0157485519939925,-0.0563810438084193,0.00540069018542087));
#2149=CARTESIAN_POINT('',(0.0157821243024741,-0.0599607462740537,0.00599697357521526));
#2150=CARTESIAN_POINT('',(0.0157874684733916,-0.0623684289002901,0.00629704604329554));
#2151=CARTESIAN_POINT('',(0.0158153257066625,-0.0638089082141122,0.00630202767564903));
#2152=CARTESIAN_POINT('',(0.0155677542890335,-0.035265271310146,0.00153266086365238));
#2153=CARTESIAN_POINT('',(0.0156200053877896,-0.0396006110245659,0.00238618609409663));
#2154=CARTESIAN_POINT('',(0.0156894156243805,-0.0455130765029183,0.00354703584350414));
#2155=CARTESIAN_POINT('',(0.015755587380212,-0.0526214007030587,0.00487480368540624));
#2156=CARTESIAN_POINT('',(0.015781240490441,-0.0563808714408597,0.00553716470600276));
#2157=CARTESIAN_POINT('',(0.0157981428861599,-0.0599567812167175,0.00609408913878548));
#2158=CARTESIAN_POINT('',(0.0157938353749906,-0.0623595644608213,0.00637278557892283));
#2159=CARTESIAN_POINT('',(0.0158135782562563,-0.063793702770037,0.00637235855366953));
#2160=CARTESIAN_POINT('',(0.0157442126917943,-0.0352752819052094,0.00206684048137507));
#2161=CARTESIAN_POINT('',(0.0157669214956664,-0.0396099726821815,0.00284441353091478));
#2162=CARTESIAN_POINT('',(0.0157963221385997,-0.0455214540771912,0.00390184723548123));
#2163=CARTESIAN_POINT('',(0.0158171719457488,-0.052626371630141,0.0051103569363565));
#2164=CARTESIAN_POINT('',(0.0158203851766539,-0.0563827061413774,0.00571280988130271));
#2165=CARTESIAN_POINT('',(0.0158171969066585,-0.0599532654956486,0.00621855963767433));
#2166=CARTESIAN_POINT('',(0.0158019682787001,-0.0623491443580011,0.00647134396973855));
#2167=CARTESIAN_POINT('',(0.0158114639725014,-0.0637741536683098,0.00646836821923787));
#2168=CARTESIAN_POINT('',(0.0159836129069645,-0.0352867891505954,0.00286783503394081));
#2169=CARTESIAN_POINT('',(0.0159665513226345,-0.0396206519595045,0.00353219806392853));
#2170=CARTESIAN_POINT('',(0.0159420558335622,-0.0455308769295169,0.00443547800342834));
#2171=CARTESIAN_POINT('',(0.0159014993866088,-0.0526314701692547,0.00546567145975514));
#2172=CARTESIAN_POINT('',(0.0158741103079162,-0.0563838464110898,0.0059781239455851));
#2173=CARTESIAN_POINT('',(0.0158433578329026,-0.0599476132004117,0.0064063719723477));
#2174=CARTESIAN_POINT('',(0.0158128851721027,-0.0623348457704288,0.00661835324921092));
#2175=CARTESIAN_POINT('',(0.015808863453885,-0.063747971541945,0.00661004742252435));
#2176=CARTESIAN_POINT('',(0.0162543809445257,-0.0353011451897859,0.00394387261847727));
#2177=CARTESIAN_POINT('',(0.0161919478104418,-0.0396340290405182,0.00445479870675816));
#2178=CARTESIAN_POINT('',(0.0161060114912353,-0.0455427673422034,0.00514920491918852));
#2179=CARTESIAN_POINT('',(0.0159958568692455,-0.0526382709186662,0.00593866383085077));
#2180=CARTESIAN_POINT('',(0.0159340110891508,-0.0563860121548638,0.00633006855345394));
#2181=CARTESIAN_POINT('',(0.0158724389092449,-0.0599417903254203,0.00665514623405685));
#2182=CARTESIAN_POINT('',(0.0158254173040599,-0.0623189812060186,0.00681375560855895));
#2183=CARTESIAN_POINT('',(0.0158062194383813,-0.063717876806842,0.00680253710270695));
#2184=CARTESIAN_POINT('',(0.0165086927628804,-0.0353150512221399,0.00532014568640876));
#2185=CARTESIAN_POINT('',(0.0164033515996246,-0.0396469727352102,0.0056334399124218));
#2186=CARTESIAN_POINT('',(0.0162593680845856,-0.0455542430296026,0.00605895339045806));
#2187=CARTESIAN_POINT('',(0.016083823629135,-0.0526448038889396,0.00654005316288197));
#2188=CARTESIAN_POINT('',(0.0159897707635602,-0.0563880898912215,0.00677716840783243));
#2189=CARTESIAN_POINT('',(0.015899547083133,-0.0599362215594988,0.00697220040848904));
#2190=CARTESIAN_POINT('',(0.0158373565560167,-0.0623039824530278,0.00706473081711166));
#2191=CARTESIAN_POINT('',(0.0158040676755799,-0.0636892878401908,0.0070545226314581));
#2192=CARTESIAN_POINT('',(0.0166475114364473,-0.0353249358986533,0.00679249485023463));
#2193=CARTESIAN_POINT('',(0.0165181668215968,-0.0396562215484184,0.00689113350711145));
#2194=CARTESIAN_POINT('',(0.0163418258750543,-0.0455625119996256,0.00702497586508101));
#2195=CARTESIAN_POINT('',(0.0161305811022156,-0.0526498776412851,0.00717589510454359));
#2196=CARTESIAN_POINT('',(0.0160192896079295,-0.0563903253430694,0.00725015425925282));
#2197=CARTESIAN_POINT('',(0.0159140190402546,-0.0599337019394547,0.00731164919295567));
#2198=CARTESIAN_POINT('',(0.0158441830960397,-0.062295701358326,0.00734129019183545));
#2199=CARTESIAN_POINT('',(0.01580300623098,-0.063673017679367,0.00734184420680977));
#2200=CARTESIAN_POINT('',(0.0166187750579177,-0.035325735429594,0.00810120964563702));
#2201=CARTESIAN_POINT('',(0.016494211262399,-0.0396570542106748,0.00800326588706896));
#2202=CARTESIAN_POINT('',(0.0163243680823409,-0.0455633913808447,0.00787081866093084));
#2203=CARTESIAN_POINT('',(0.016120566036909,-0.0526509523681488,0.00772878321738927));
#2204=CARTESIAN_POINT('',(0.0160129763503122,-0.0563915887590577,0.00766327876176238));
#2205=CARTESIAN_POINT('',(0.0159110138577105,-0.0599353426285661,0.00761706798927312));
#2206=CARTESIAN_POINT('',(0.0158428694049757,-0.0622978232037709,0.00760650022871707));
#2207=CARTESIAN_POINT('',(0.0158032028869555,-0.063676039409082,0.00763157958496516));
#2208=CARTESIAN_POINT('',(0.0164649497917763,-0.0353157532703937,0.00907844967755682));
#2209=CARTESIAN_POINT('',(0.0163687241665237,-0.0396479115094221,0.00882816186048808));
#2210=CARTESIAN_POINT('',(0.0162366077030759,-0.0455555662883702,0.00849033294207739));
#2211=CARTESIAN_POINT('',(0.0160718940075063,-0.0526471893205965,0.00813211932174638));
#2212=CARTESIAN_POINT('',(0.0159821482740892,-0.0563913516736044,0.00796908965463988));
#2213=CARTESIAN_POINT('',(0.0158950324957248,-0.0599406682387326,0.00785547432740702));
#2214=CARTESIAN_POINT('',(0.0158342105948397,-0.0623097587197244,0.00783296292523025));
#2215=CARTESIAN_POINT('',(0.0158045929659645,-0.0636958050302816,0.00788875247815079));
#2216=CARTESIAN_POINT('',(0.0162770469745423,-0.0353017040036716,0.00974898686095206));
#2217=CARTESIAN_POINT('',(0.0162162898356339,-0.0396350409478611,0.00939400653649675));
#2218=CARTESIAN_POINT('',(0.0161310785035878,-0.0455445574123473,0.00891523879828364));
#2219=CARTESIAN_POINT('',(0.0160134418864511,-0.0526418720535814,0.00841207230599174));
#2220=CARTESIAN_POINT('',(0.0159446540673683,-0.0563909568991068,0.00818591499205945));
#2221=CARTESIAN_POINT('',(0.0158746658133687,-0.0599477953613694,0.00803159641829852));
#2222=CARTESIAN_POINT('',(0.0158230152047792,-0.0623257483254689,0.00800800386219985));
#2223=CARTESIAN_POINT('',(0.0158066236896916,-0.0637209651615689,0.00808553653535612));
#2224=CARTESIAN_POINT('',(0.0161067519842367,-0.0352894337108045,0.0101984404967393));
#2225=CARTESIAN_POINT('',(0.0160781376137006,-0.039623842736743,0.00977393851776506));
#2226=CARTESIAN_POINT('',(0.016035392356968,-0.0455350543011652,0.00920150484347152));
#2227=CARTESIAN_POINT('',(0.0159601412971596,-0.052637600210412,0.00860289565801035));
#2228=CARTESIAN_POINT('',(0.0159101896612812,-0.0563912252503717,0.00833597432611674));
#2229=CARTESIAN_POINT('',(0.0158556193659927,-0.059954905687231,0.00815646697489765));
#2230=CARTESIAN_POINT('',(0.01581285693416,-0.0623408816449719,0.0081348322270038));
#2231=CARTESIAN_POINT('',(0.0158086923432143,-0.0637436873843206,0.00822640834668052));
#2232=CARTESIAN_POINT('',(0.0159888927681452,-0.0352797441281052,0.0104646297179814));
#2233=CARTESIAN_POINT('',(0.0159831065871833,-0.0396149470778304,0.00999827493623564));
#2234=CARTESIAN_POINT('',(0.0159704155486979,-0.0455274116282028,0.0093694103827564));
#2235=CARTESIAN_POINT('',(0.0159243388571707,-0.0526338985397496,0.0087143859866191));
#2236=CARTESIAN_POINT('',(0.0158869689445244,-0.0563909709150754,0.00842427686139008));
#2237=CARTESIAN_POINT('',(0.0158423933162711,-0.0599598196399432,0.00823193178182457));
#2238=CARTESIAN_POINT('',(0.0158055346487295,-0.0623518487780995,0.00821471695120177));
#2239=CARTESIAN_POINT('',(0.0158103048551166,-0.0637600017937331,0.00831621624423045));
#2240=CARTESIAN_POINT('',(0.0159039355329063,-0.0352740442906623,0.0106373084278035));
#2241=CARTESIAN_POINT('',(0.0159141438883025,-0.0396097655486024,0.0101447819346594));
#2242=CARTESIAN_POINT('',(0.0159225987770171,-0.0455230479169291,0.00948055408209642));
#2243=CARTESIAN_POINT('',(0.0158975750098625,-0.0526321224717358,0.00878957494766127));
#2244=CARTESIAN_POINT('',(0.0158695551874583,-0.0563914628016213,0.00848433417162353));
#2245=CARTESIAN_POINT('',(0.0158326375451676,-0.0599636979529992,0.00828297115823218));
#2246=CARTESIAN_POINT('',(0.0158005214519132,-0.0623596781597972,0.00826737427079445));
#2247=CARTESIAN_POINT('',(0.0158114701890886,-0.0637711986911331,0.00837366902103391));
#2248=CARTESIAN_POINT('',(0.01585348306397,-0.0352691438769728,0.0107353939386613));
#2249=CARTESIAN_POINT('',(0.0158738204066864,-0.039605234438502,0.0102269243362621));
#2250=CARTESIAN_POINT('',(0.0158955553957797,-0.0455190976714735,0.00954117468796943));
#2251=CARTESIAN_POINT('',(0.0158829483571247,-0.0526300456515088,0.0088292926144388));
#2252=CARTESIAN_POINT('',(0.0158600468364154,-0.056391041598887,0.0085159857587845));
#2253=CARTESIAN_POINT('',(0.0158269950262847,-0.0599657525954513,0.0083110832851579));
#2254=CARTESIAN_POINT('',(0.0157972162886484,-0.0623646299388255,0.00829905477829742));
#2255=CARTESIAN_POINT('',(0.0158122609392756,-0.0637785380534126,0.00841015390735204));
#2256=CARTESIAN_POINT('',(0.0158054937496166,-0.0352673025842406,0.0108241127742848));
#2257=CARTESIAN_POINT('',(0.0158343402595871,-0.0396036278861798,0.0103032737967919));
#2258=CARTESIAN_POINT('',(0.0158674266539806,-0.0455178617831084,0.00960074747142982));
#2259=CARTESIAN_POINT('',(0.0158667634076593,-0.052629983323457,0.00887098391843046));
#2260=CARTESIAN_POINT('',(0.0158494833093783,-0.0563920071098807,0.00854961075931385));
#2261=CARTESIAN_POINT('',(0.0158212949809089,-0.0599682437377627,0.00833896291562487));
#2262=CARTESIAN_POINT('',(0.0157946774348752,-0.0623688870270463,0.00832585849749697));
#2263=CARTESIAN_POINT('',(0.0158128853175892,-0.0637842459620857,0.00843750685391046));
#2264=CARTESIAN_POINT('',(0.0157410321400853,-0.035269469301079,0.0109428373335205));
#2265=CARTESIAN_POINT('',(0.0157794287164167,-0.0396059197367291,0.0104088556068138));
#2266=CARTESIAN_POINT('',(0.0158256175555529,-0.0455203557210007,0.00968837606684079));
#2267=CARTESIAN_POINT('',(0.0158412323059886,-0.0526330427765601,0.00893633151019364));
#2268=CARTESIAN_POINT('',(0.0158327762218514,-0.0563955313432575,0.00860275247719792));
#2269=CARTESIAN_POINT('',(0.0158131256985577,-0.0599724315173109,0.00837992105925849));
#2270=CARTESIAN_POINT('',(0.0157922762925957,-0.0623737974233076,0.00835779812919812));
#2271=CARTESIAN_POINT('',(0.0158134971591576,-0.0637898124281514,0.00846377122996238));
#2272=CARTESIAN_POINT('',(0.0156464396016131,-0.0352706491102106,0.0111172517774252));
#2273=CARTESIAN_POINT('',(0.0156996608843907,-0.03960736518161,0.0105624873344259));
#2274=CARTESIAN_POINT('',(0.0157660018257709,-0.0455222252877941,0.00981368783726606));
#2275=CARTESIAN_POINT('',(0.0158054048759641,-0.052636178097829,0.0090281987545786));
#2276=CARTESIAN_POINT('',(0.0158093514670656,-0.0563997435825812,0.00867729976360996));
#2277=CARTESIAN_POINT('',(0.0158013704889296,-0.0599782147046494,0.00843851499413026));
#2278=CARTESIAN_POINT('',(0.0157883368809371,-0.0623813516099453,0.00840642193872978));
#2279=CARTESIAN_POINT('',(0.015814520084484,-0.0637988850392599,0.00850682798165889));
#2280=CARTESIAN_POINT('',(0.0155653989061927,-0.035272691255325,0.0112665818209854));
#2281=CARTESIAN_POINT('',(0.0156309037316711,-0.03960959268242,0.0106947836907809));
#2282=CARTESIAN_POINT('',(0.0157140335229168,-0.0455247504892907,0.00992273970476708));
#2283=CARTESIAN_POINT('',(0.0157738715899097,-0.0526395632652044,0.00910898421546189));
#2284=CARTESIAN_POINT('',(0.0157887296834119,-0.0564038479735731,0.00874294238566105));
#2285=CARTESIAN_POINT('',(0.015791197068628,-0.0599833569471981,0.00848949751496374));
#2286=CARTESIAN_POINT('',(0.0157852051535005,-0.062387644150948,0.00844717939593568));
#2287=CARTESIAN_POINT('',(0.0158153733295786,-0.0638061895555795,0.00854138767869691));
#2288=CARTESIAN_POINT('',(0.0155104200825824,-0.0352735913260326,0.0113679372973224));
#2289=CARTESIAN_POINT('',(0.0155844551958711,-0.0396106384253695,0.0107842199676361));
#2290=CARTESIAN_POINT('',(0.0156791995879016,-0.0455260291981915,0.00999592722362885));
#2291=CARTESIAN_POINT('',(0.0157528782538059,-0.0526415312729868,0.00916281390343973));
#2292=CARTESIAN_POINT('',(0.0157750075400174,-0.056406399805433,0.00878664272378498));
#2293=CARTESIAN_POINT('',(0.0157843569250793,-0.0599867577695206,0.00852371970732081));
#2294=CARTESIAN_POINT('',(0.0157829880225004,-0.0623919975877345,0.00847525698050252));
#2295=CARTESIAN_POINT('',(0.0158159946083333,-0.0638113635710992,0.00856592949648484));
#2296=CARTESIAN_POINT('',(0.0156761080638804,-0.0355,0.0110382131985878));
#2297=CARTESIAN_POINT('',(0.015889321148375,-0.0355,0.0106439889287539));
#2298=CARTESIAN_POINT('',(0.0162841047801188,-0.0355,0.00984651697449828));
#2299=CARTESIAN_POINT('',(0.0165782437056453,-0.0355,0.00851940475876698));
#2300=CARTESIAN_POINT('',(0.0166481031023178,-0.0355,0.007175539940338));
#2301=CARTESIAN_POINT('',(0.0165346971821972,-0.0355,0.00539305388898696));
#2302=CARTESIAN_POINT('',(0.0161102922003637,-0.0355,0.00317791976836487));
#2303=CARTESIAN_POINT('',(0.015547538716915,-0.0355,0.0014845392096815));
#2304=CARTESIAN_POINT('',(0.0152280767167979,-0.0355,0.000646684998575311));
#2305=CARTESIAN_POINT('',(6.83228801837826E-5,-0.0335,0.000797623316815255));
#2306=CARTESIAN_POINT('',(0.00528945101376053,-0.0335,-0.00217484546171802));
#2307=CARTESIAN_POINT('',(0.00528945101376053,-0.0335,-0.00347484546171802));
#2308=CARTESIAN_POINT('',(-0.00528945101376053,-0.0335,0.0136076395103043));
#2309=CARTESIAN_POINT('',(-0.00528945101376053,-0.0335,0.0123076395103043));
#2310=CARTESIAN_POINT('',(0.00664525683032519,-0.0335,0.0101706715621967));
#2311=CARTESIAN_POINT('',(0.00664525683032519,-0.0335,0.00887067156219674));
#2312=CARTESIAN_POINT('',(-0.0066452568303252,-0.0335,0.00126212248638955));
#2313=CARTESIAN_POINT('',(-0.0066452568303252,-0.0335,-3.78775136104458E-5));
#2314=CARTESIAN_POINT('',(6.83228801837826E-5,-0.0355,0.000797623316815255));
#2315=CARTESIAN_POINT('',(0.00528945101376053,-0.0355,-0.00217484546171802));
#2316=CARTESIAN_POINT('',(0.00528945101376053,-0.0355,-0.000874845461718025));
#2317=CARTESIAN_POINT('',(-0.00528945101376053,-0.0355,0.0136076395103043));
#2318=CARTESIAN_POINT('',(-0.00528945101376053,-0.0355,0.0149076395103043));
#2319=CARTESIAN_POINT('',(0.00664525683032519,-0.0355,0.0101706715621967));
#2320=CARTESIAN_POINT('',(0.00664525683032519,-0.0355,0.0114706715621967));
#2321=CARTESIAN_POINT('',(-0.0066452568303252,-0.0355,0.00126212248638955));
#2322=CARTESIAN_POINT('',(-0.0066452568303252,-0.0355,0.00256212248638955));
#2323=CARTESIAN_POINT('',(-0.0066452568303252,-0.0355,0.00126212248638955));
#2324=CARTESIAN_POINT('',(0.00664525683032519,-0.0355,0.0101706715621967));
#2325=CARTESIAN_POINT('',(-0.00528945101376053,-0.0355,0.0136076395103043));
#2326=CARTESIAN_POINT('',(0.00528945101376053,-0.0355,-0.00217484546171802));
#2327=MECHANICAL_DESIGN_GEOMETRIC_PRESENTATION_REPRESENTATION('',(#345),
#2328);
#2328=(
GEOMETRIC_REPRESENTATION_CONTEXT(3)
GLOBAL_UNCERTAINTY_ASSIGNED_CONTEXT((#2329))
GLOBAL_UNIT_ASSIGNED_CONTEXT((#2332,#2331,#2330))
REPRESENTATION_CONTEXT('Part 1','TOP_LEVEL_ASSEMBLY_PART')
);
#2329=UNCERTAINTY_MEASURE_WITH_UNIT(LENGTH_MEASURE(2.03156238099953E-5),
#2332,'DISTANCE_ACCURACY_VALUE','Maximum Tolerance applied to model');
#2330=(
NAMED_UNIT(*)
SI_UNIT($,.STERADIAN.)
SOLID_ANGLE_UNIT()
);
#2331=(
NAMED_UNIT(*)
PLANE_ANGLE_UNIT()
SI_UNIT($,.RADIAN.)
);
#2332=(
LENGTH_UNIT()
NAMED_UNIT(*)
SI_UNIT($,.METRE.)
);
#2333=PRODUCT_DEFINITION_SHAPE('','',#2334);
#2334=PRODUCT_DEFINITION('','',#2336,#2335);
#2335=PRODUCT_DEFINITION_CONTEXT('',#2342,'design');
#2336=PRODUCT_DEFINITION_FORMATION_WITH_SPECIFIED_SOURCE('','',#2338,
 .NOT_KNOWN.);
#2337=PRODUCT_RELATED_PRODUCT_CATEGORY('','',(#2338));
#2338=PRODUCT('Part 1','Part 1','Part 1',(#2340));
#2339=PRODUCT_CATEGORY('','');
#2340=PRODUCT_CONTEXT('',#2342,'mechanical');
#2341=APPLICATION_PROTOCOL_DEFINITION('international standard',
'ap242_managed_model_based_3d_engineering',2020,#2342);
#2342=APPLICATION_CONTEXT('managed model based 3d engineering');
ENDSEC;
END-ISO-10303-21;
